technique,run_id,member,split,seed,top_k,category,n_words,share_of_words,abs_mass,share_of_abs_mass,positive_mass,share_of_positive_mass
01_LOG-REG_TF-IDF,shap-partition_test_seed30,,test,30,50,extremist_framing,0,0,0,0,0,0
01_LOG-REG_TF-IDF,shap-partition_test_seed30,,test,30,50,identity_term,5,0.1,7.3972266,0.093230803,7.3972266,0.094171831
01_LOG-REG_TF-IDF,shap-partition_test_seed30,,test,30,50,slur,0,0,0,0,0,0
01_LOG-REG_TF-IDF,shap-partition_test_seed30,,test,30,50,topical,45,0.9,71.945934,0.9067692,71.153084,0.90582817
01_LOG-REG_TF-IDF,shap-partition_validation_seed30,,validation,30,50,extremist_framing,1,0.02,0.31281362,0.0043522248,0,0
01_LOG-REG_TF-IDF,shap-partition_validation_seed30,,validation,30,50,identity_term,5,0.1,7.1341886,0.099259081,7.1341886,0.1063308
01_LOG-REG_TF-IDF,shap-partition_validation_seed30,,validation,30,50,slur,0,0,0,0,0,0
01_LOG-REG_TF-IDF,shap-partition_validation_seed30,,validation,30,50,topical,44,0.88,64.427415,0.89638869,59.960092,0.8936692
02_LIN-SVM_TF-IDF,shap-partition_test_seed30,,test,30,50,extremist_framing,0,0,0,0,0,0
02_LIN-SVM_TF-IDF,shap-partition_test_seed30,,test,30,50,identity_term,6,0.12,4.7648659,0.083902989,4.7648659,0.11632123
02_LIN-SVM_TF-IDF,shap-partition_test_seed30,,test,30,50,slur,0,0,0,0,0,0
02_LIN-SVM_TF-IDF,shap-partition_test_seed30,,test,30,50,topical,44,0.88,52.025315,0.91609701,36.198127,0.88367877
02_LIN-SVM_TF-IDF,shap-partition_validation_seed30,,validation,30,50,extremist_framing,1,0.02,0.17547129,0.0025393625,0,0
02_LIN-SVM_TF-IDF,shap-partition_validation_seed30,,validation,30,50,identity_term,5,0.1,4.6157077,0.066796993,4.4955554,0.087197721
02_LIN-SVM_TF-IDF,shap-partition_validation_seed30,,validation,30,50,slur,0,0,0,0,0,0
02_LIN-SVM_TF-IDF,shap-partition_validation_seed30,,validation,30,50,topical,44,0.88,64.309351,0.93066364,47.060327,0.91280228
03_SLP_TF-IDF,shap-partition_test_seed30,,test,30,50,extremist_framing,0,0,0,0,0,0
03_SLP_TF-IDF,shap-partition_test_seed30,,test,30,50,identity_term,0,0,0,0,0,0
03_SLP_TF-IDF,shap-partition_test_seed30,,test,30,50,slur,0,0,0,0,0,0
03_SLP_TF-IDF,shap-partition_test_seed30,,test,30,50,topical,50,1,20.060604,1,8.2136642,1
03_SLP_TF-IDF,shap-partition_validation_seed30,,validation,30,50,extremist_framing,0,0,0,0,0,0
03_SLP_TF-IDF,shap-partition_validation_seed30,,validation,30,50,identity_term,1,0.02,0.46911251,0.023564921,0.46911251,0.04540311
03_SLP_TF-IDF,shap-partition_validation_seed30,,validation,30,50,slur,0,0,0,0,0,0
03_SLP_TF-IDF,shap-partition_validation_seed30,,validation,30,50,topical,49,0.98,19.438126,0.97643508,9.8630544,0.95459689
04_CHAR-TF-IDF_LIN-SVM,shap-partition_test_seed30,,test,30,50,extremist_framing,0,0,0,0,0,0
04_CHAR-TF-IDF_LIN-SVM,shap-partition_test_seed30,,test,30,50,identity_term,6,0.12,2.8448669,0.099227314,2.8448669,0.10433283
04_CHAR-TF-IDF_LIN-SVM,shap-partition_test_seed30,,test,30,50,slur,0,0,0,0,0,0
04_CHAR-TF-IDF_LIN-SVM,shap-partition_test_seed30,,test,30,50,topical,44,0.88,25.825332,0.90077269,24.422359,0.89566717
04_CHAR-TF-IDF_LIN-SVM,shap-partition_validation_seed30,,validation,30,50,extremist_framing,0,0,0,0,0,0
04_CHAR-TF-IDF_LIN-SVM,shap-partition_validation_seed30,,validation,30,50,identity_term,7,0.14,4.2363715,0.12798819,4.2363715,0.14330855
04_CHAR-TF-IDF_LIN-SVM,shap-partition_validation_seed30,,validation,30,50,slur,0,0,0,0,0,0
04_CHAR-TF-IDF_LIN-SVM,shap-partition_validation_seed30,,validation,30,50,topical,43,0.86,28.863334,0.87201181,25.324819,0.85669145
05_WORD-CHAR-TF-IDF_LIN-SVM,shap-partition_test_seed30,,test,30,50,extremist_framing,0,0,0,0,0,0
05_WORD-CHAR-TF-IDF_LIN-SVM,shap-partition_test_seed30,,test,30,50,identity_term,8,0.16,6.4676108,0.097593551,6.4676108,0.12961734
05_WORD-CHAR-TF-IDF_LIN-SVM,shap-partition_test_seed30,,test,30,50,slur,0,0,0,0,0,0
05_WORD-CHAR-TF-IDF_LIN-SVM,shap-partition_test_seed30,,test,30,50,topical,42,0.84,59.803272,0.90240645,43.430117,0.87038266
05_WORD-CHAR-TF-IDF_LIN-SVM,shap-partition_validation_seed30,,validation,30,50,extremist_framing,0,0,0,0,0,0
05_WORD-CHAR-TF-IDF_LIN-SVM,shap-partition_validation_seed30,,validation,30,50,identity_term,8,0.16,6.1967671,0.093067738,6.1967671,0.1236278
05_WORD-CHAR-TF-IDF_LIN-SVM,shap-partition_validation_seed30,,validation,30,50,slur,0,0,0,0,0,0
05_WORD-CHAR-TF-IDF_LIN-SVM,shap-partition_validation_seed30,,validation,30,50,topical,42,0.84,60.38664,0.90693226,43.927617,0.8763722
06_FASTTEXT-EMB_LOG-REG,shap-partition_test_seed30,,test,30,50,extremist_framing,0,0,0,0,0,0
06_FASTTEXT-EMB_LOG-REG,shap-partition_test_seed30,,test,30,50,identity_term,8,0.16,8.5947247,0.13219664,8.5947247,0.13219664
06_FASTTEXT-EMB_LOG-REG,shap-partition_test_seed30,,test,30,50,slur,0,0,0,0,0,0
06_FASTTEXT-EMB_LOG-REG,shap-partition_test_seed30,,test,30,50,topical,42,0.84,56.419972,0.86780336,56.419972,0.86780336
06_FASTTEXT-EMB_LOG-REG,shap-partition_validation_seed30,,validation,30,50,extremist_framing,1,0.02,0.1275928,0.002440943,0.1275928,0.002440943
06_FASTTEXT-EMB_LOG-REG,shap-partition_validation_seed30,,validation,30,50,identity_term,4,0.08,5.4070856,0.10344148,5.4070856,0.10344148
06_FASTTEXT-EMB_LOG-REG,shap-partition_validation_seed30,,validation,30,50,slur,0,0,0,0,0,0
06_FASTTEXT-EMB_LOG-REG,shap-partition_validation_seed30,,validation,30,50,topical,45,0.9,46.73725,0.89411758,46.73725,0.89411758
07_TWITTER-ROBERTA_FINE-TUNE,shap-partition_test_seed30,,test,30,50,extremist_framing,2,0.04,1.582585,0.032318013,1.4016221,0.030097103
07_TWITTER-ROBERTA_FINE-TUNE,shap-partition_test_seed30,,test,30,50,identity_term,7,0.14,3.2909018,0.067203598,3.2745014,0.070313539
07_TWITTER-ROBERTA_FINE-TUNE,shap-partition_test_seed30,,test,30,50,slur,0,0,0,0,0,0
07_TWITTER-ROBERTA_FINE-TUNE,shap-partition_test_seed30,,test,30,50,topical,41,0.82,44.095645,0.90047839,41.893876,0.89958936
07_TWITTER-ROBERTA_FINE-TUNE,shap-partition_validation_seed30,,validation,30,50,extremist_framing,0,0,0,0,0,0
07_TWITTER-ROBERTA_FINE-TUNE,shap-partition_validation_seed30,,validation,30,50,identity_term,6,0.12,2.9418793,0.062109023,2.8946719,0.064499548
07_TWITTER-ROBERTA_FINE-TUNE,shap-partition_validation_seed30,,validation,30,50,slur,0,0,0,0,0,0
07_TWITTER-ROBERTA_FINE-TUNE,shap-partition_validation_seed30,,validation,30,50,topical,44,0.88,44.424497,0.93789098,41.984277,0.93550045
11_MULTI-CHECKPOINT_LOGIT-POOL,shap-partition_test_seed30,,test,30,50,extremist_framing,2,0.04,0.68672782,0.015581941,0.68672782,0.015720232
11_MULTI-CHECKPOINT_LOGIT-POOL,shap-partition_test_seed30,,test,30,50,identity_term,11,0.22,7.6229761,0.17296629,7.621797,0.17447438
11_MULTI-CHECKPOINT_LOGIT-POOL,shap-partition_test_seed30,,test,30,50,slur,0,0,0,0,0,0
11_MULTI-CHECKPOINT_LOGIT-POOL,shap-partition_test_seed30,,test,30,50,topical,37,0.74,35.762329,0.81145177,35.375807,0.80980538
11_MULTI-CHECKPOINT_LOGIT-POOL,shap-partition_test_seed30_member-A_anchor,A_anchor,test,30,50,extremist_framing,1,0.02,1.187267,0.02533201,1.187267,0.026594964
11_MULTI-CHECKPOINT_LOGIT-POOL,shap-partition_test_seed30_member-A_anchor,A_anchor,test,30,50,identity_term,7,0.14,3.9797087,0.084912677,3.9513403,0.08851063
11_MULTI-CHECKPOINT_LOGIT-POOL,shap-partition_test_seed30_member-A_anchor,A_anchor,test,30,50,slur,0,0,0,0,0,0
11_MULTI-CHECKPOINT_LOGIT-POOL,shap-partition_test_seed30_member-A_anchor,A_anchor,test,30,50,topical,42,0.84,41.701276,0.88975531,39.503943,0.88489441
11_MULTI-CHECKPOINT_LOGIT-POOL,shap-partition_test_seed30_member-B_dynabench,B_dynabench,test,30,50,extremist_framing,0,0,0,0,0,0
11_MULTI-CHECKPOINT_LOGIT-POOL,shap-partition_test_seed30_member-B_dynabench,B_dynabench,test,30,50,identity_term,10,0.2,7.4074228,0.21313344,7.4074228,0.22170878
11_MULTI-CHECKPOINT_LOGIT-POOL,shap-partition_test_seed30_member-B_dynabench,B_dynabench,test,30,50,slur,0,0,0,0,0,0
11_MULTI-CHECKPOINT_LOGIT-POOL,shap-partition_test_seed30_member-B_dynabench,B_dynabench,test,30,50,topical,40,0.8,27.347436,0.78686656,26.003174,0.77829122
11_MULTI-CHECKPOINT_LOGIT-POOL,shap-partition_test_seed30_member-C_hatebert,C_hatebert,test,30,50,extremist_framing,1,0.02,0.4792861,0.014089215,0.4792861,0.014291535
11_MULTI-CHECKPOINT_LOGIT-POOL,shap-partition_test_seed30_member-C_hatebert,C_hatebert,test,30,50,identity_term,5,0.1,2.9716104,0.08735421,2.9716104,0.088608606
11_MULTI-CHECKPOINT_LOGIT-POOL,shap-partition_test_seed30_member-C_hatebert,C_hatebert,test,30,50,slur,0,0,0,0,0,0
11_MULTI-CHECKPOINT_LOGIT-POOL,shap-partition_test_seed30_member-C_hatebert,C_hatebert,test,30,50,topical,44,0.88,30.567045,0.89855657,30.085467,0.89709986
11_MULTI-CHECKPOINT_LOGIT-POOL,shap-partition_test_seed30_member-E_twitter_large,E_twitter_large,test,30,50,extremist_framing,0,0,0,0,0,0
11_MULTI-CHECKPOINT_LOGIT-POOL,shap-partition_test_seed30_member-E_twitter_large,E_twitter_large,test,30,50,identity_term,9,0.18,8.3085398,0.19361661,8.3085398,0.19741947
11_MULTI-CHECKPOINT_LOGIT-POOL,shap-partition_test_seed30_member-E_twitter_large,E_twitter_large,test,30,50,slur,0,0,0,0,0,0
11_MULTI-CHECKPOINT_LOGIT-POOL,shap-partition_test_seed30_member-E_twitter_large,E_twitter_large,test,30,50,topical,41,0.82,34.60379,0.80638339,33.777175,0.80258053
11_MULTI-CHECKPOINT_LOGIT-POOL,shap-partition_validation_seed30,,validation,30,50,extremist_framing,1,0.02,1.3674183,0.029221252,1.3674183,0.029893678
11_MULTI-CHECKPOINT_LOGIT-POOL,shap-partition_validation_seed30,,validation,30,50,identity_term,12,0.24,8.1604997,0.17438704,8.1604997,0.17839995
11_MULTI-CHECKPOINT_LOGIT-POOL,shap-partition_validation_seed30,,validation,30,50,slur,0,0,0,0,0,0
11_MULTI-CHECKPOINT_LOGIT-POOL,shap-partition_validation_seed30,,validation,30,50,topical,37,0.74,37.267417,0.79639171,36.214807,0.79170638
