technique,run_id,member,split,seed,top_k,share_of_abs_mass__extremist_framing,share_of_abs_mass__identity_term,share_of_abs_mass__slur,share_of_abs_mass__topical,share_of_positive_mass__extremist_framing,share_of_positive_mass__identity_term,share_of_positive_mass__slur,share_of_positive_mass__topical,role
01_LOG-REG_TF-IDF,shap-partition_test_seed30,,test,30,50,0,0.093230803,0,0.9067692,0,0.094171831,0,0.90582817,whole
01_LOG-REG_TF-IDF,shap-partition_validation_seed30,,validation,30,50,0.0043522248,0.099259081,0,0.89638869,0,0.1063308,0,0.8936692,whole
02_LIN-SVM_TF-IDF,shap-partition_test_seed30,,test,30,50,0,0.083902989,0,0.91609701,0,0.11632123,0,0.88367877,whole
02_LIN-SVM_TF-IDF,shap-partition_validation_seed30,,validation,30,50,0.0025393625,0.066796993,0,0.93066364,0,0.087197721,0,0.91280228,whole
03_SLP_TF-IDF,shap-partition_test_seed30,,test,30,50,0,0,0,1,0,0,0,1,whole
03_SLP_TF-IDF,shap-partition_validation_seed30,,validation,30,50,0,0.023564921,0,0.97643508,0,0.04540311,0,0.95459689,whole
04_CHAR-TF-IDF_LIN-SVM,shap-partition_test_seed30,,test,30,50,0,0.099227314,0,0.90077269,0,0.10433283,0,0.89566717,whole
04_CHAR-TF-IDF_LIN-SVM,shap-partition_validation_seed30,,validation,30,50,0,0.12798819,0,0.87201181,0,0.14330855,0,0.85669145,whole
05_WORD-CHAR-TF-IDF_LIN-SVM,shap-partition_test_seed30,,test,30,50,0,0.097593551,0,0.90240645,0,0.12961734,0,0.87038266,whole
05_WORD-CHAR-TF-IDF_LIN-SVM,shap-partition_validation_seed30,,validation,30,50,0,0.093067738,0,0.90693226,0,0.1236278,0,0.8763722,whole
06_FASTTEXT-EMB_LOG-REG,shap-partition_test_seed30,,test,30,50,0,0.13219664,0,0.86780336,0,0.13219664,0,0.86780336,whole
06_FASTTEXT-EMB_LOG-REG,shap-partition_validation_seed30,,validation,30,50,0.002440943,0.10344148,0,0.89411758,0.002440943,0.10344148,0,0.89411758,whole
07_TWITTER-ROBERTA_FINE-TUNE,shap-partition_test_seed30,,test,30,50,0.032318013,0.067203598,0,0.90047839,0.030097103,0.070313539,0,0.89958936,whole
07_TWITTER-ROBERTA_FINE-TUNE,shap-partition_validation_seed30,,validation,30,50,0,0.062109023,0,0.93789098,0,0.064499548,0,0.93550045,whole
11_MULTI-CHECKPOINT_LOGIT-POOL,shap-partition_test_seed30_member-A_anchor,A_anchor,test,30,50,0.02533201,0.084912677,0,0.88975531,0.026594964,0.08851063,0,0.88489441,member
11_MULTI-CHECKPOINT_LOGIT-POOL,shap-partition_test_seed30_member-B_dynabench,B_dynabench,test,30,50,0,0.21313344,0,0.78686656,0,0.22170878,0,0.77829122,member
11_MULTI-CHECKPOINT_LOGIT-POOL,shap-partition_test_seed30_member-C_hatebert,C_hatebert,test,30,50,0.014089215,0.08735421,0,0.89855657,0.014291535,0.088608606,0,0.89709986,member
11_MULTI-CHECKPOINT_LOGIT-POOL,shap-partition_test_seed30_member-E_twitter_large,E_twitter_large,test,30,50,0,0.19361661,0,0.80638339,0,0.19741947,0,0.80258053,member
11_MULTI-CHECKPOINT_LOGIT-POOL,11_MULTI-CHECKPOINT_LOGIT-POOL__member_mean,,test,,50,0.0098553062,0.14475423,0,0.84539046,0.010221625,0.14906187,0,0.84071651,member_mean
11_MULTI-CHECKPOINT_LOGIT-POOL,shap-partition_test_seed30,,test,30,50,0.015581941,0.17296629,0,0.81145177,0.015720232,0.17447438,0,0.80980538,whole
11_MULTI-CHECKPOINT_LOGIT-POOL,shap-partition_validation_seed30,,validation,30,50,0.029221252,0.17438704,0,0.79639171,0.029893678,0.17839995,0,0.79170638,whole
