technique,config_id,model_family,feature_family,hyperparameter_summary,threshold,validation_accuracy,validation_balanced_accuracy,validation_positive_f1,validation_f1_macro,validation_roc_auc,validation_pr_auc,notes
01_LOG-REG_TF-IDF,config_001,logistic_regression,tfidf_word,"{""C"": 0.1, ""class_weight"": null, ""max_df"": 0.95, ""max_features"": 10000, ""min_df"": 1, ""ngram_range"": [1, 1], ""sublinear_tf"": true}",0.5,0.74,0.6550253742972056,0.47533632286995514,0.6512575262798815,0.8521762934574322,0.8120304705483533,
01_LOG-REG_TF-IDF,config_002,logistic_regression,tfidf_word,"{""C"": 0.1, ""class_weight"": ""balanced"", ""max_df"": 0.95, ""max_features"": 10000, ""min_df"": 1, ""ngram_range"": [1, 1], ""sublinear_tf"": true}",0.5,0.7911111111111111,0.7655246478131779,0.7044025157232704,0.7714452441159307,0.8549348270125714,0.8147743011558931,
01_LOG-REG_TF-IDF,config_003,logistic_regression,tfidf_word,"{""C"": 1.0, ""class_weight"": null, ""max_df"": 0.95, ""max_features"": 10000, ""min_df"": 1, ""ngram_range"": [1, 1], ""sublinear_tf"": true}",0.5,0.8066666666666666,0.7673671797679462,0.7030716723549488,0.7798719152549044,0.8750447472046158,0.8410958743035382,
01_LOG-REG_TF-IDF,config_004,logistic_regression,tfidf_word,"{""C"": 1.0, ""class_weight"": ""balanced"", ""max_df"": 0.95, ""max_features"": 10000, ""min_df"": 1, ""ngram_range"": [1, 1], ""sublinear_tf"": true}",0.5,0.7955555555555556,0.7867716734401651,0.7341040462427746,0.7840195321466581,0.8760976226073406,0.8411606100741226,
01_LOG-REG_TF-IDF,config_005,logistic_regression,tfidf_word,"{""C"": 3.0, ""class_weight"": null, ""max_df"": 0.95, ""max_features"": 10000, ""min_df"": 1, ""ngram_range"": [1, 1], ""sublinear_tf"": true}",0.5,0.8022222222222222,0.7708837836130472,0.7100977198697068,0.7800067014188332,0.877340015582556,0.8422880781078923,
01_LOG-REG_TF-IDF,config_006,logistic_regression,tfidf_word,"{""C"": 3.0, ""class_weight"": ""balanced"", ""max_df"": 0.95, ""max_features"": 10000, ""min_df"": 1, ""ngram_range"": [1, 1], ""sublinear_tf"": true}",0.5,0.7822222222222223,0.771378635052328,0.7151162790697675,0.7694286431320061,0.8775927056792099,0.8410717429408812,
01_LOG-REG_TF-IDF,config_007,logistic_regression,tfidf_word,"{""C"": 10.0, ""class_weight"": null, ""max_df"": 0.95, ""max_features"": 10000, ""min_df"": 1, ""ngram_range"": [1, 1], ""sublinear_tf"": true}",0.5,0.7933333333333333,0.7696624481458865,0.7102803738317757,0.7748293060868723,0.8731074564636021,0.8372838491504629,
01_LOG-REG_TF-IDF,config_008,logistic_regression,tfidf_word,"{""C"": 10.0, ""class_weight"": ""balanced"", ""max_df"": 0.95, ""max_features"": 10000, ""min_df"": 1, ""ngram_range"": [1, 1], ""sublinear_tf"": true}",0.5,0.78,0.7719577165238265,0.7163323782234957,0.7683295284946879,0.8732969740360925,0.8365713286063037,
01_LOG-REG_TF-IDF,config_009,logistic_regression,tfidf_word,"{""C"": 0.1, ""class_weight"": null, ""max_df"": 0.95, ""max_features"": 10000, ""min_df"": 2, ""ngram_range"": [1, 1], ""sublinear_tf"": true}",0.5,0.74,0.6562045947482575,0.48,0.6533333333333333,0.8556086672703151,0.8144381078721139,
01_LOG-REG_TF-IDF,config_010,logistic_regression,tfidf_word,"{""C"": 0.1, ""class_weight"": ""balanced"", ""max_df"": 0.95, ""max_features"": 10000, ""min_df"": 2, ""ngram_range"": [1, 1], ""sublinear_tf"": true}",0.5,0.7822222222222223,0.7595864305418096,0.6975308641975309,0.763695987654321,0.85792499315631,0.816454629450057,
01_LOG-REG_TF-IDF,config_011,logistic_regression,tfidf_word,"{""C"": 1.0, ""class_weight"": null, ""max_df"": 0.95, ""max_features"": 10000, ""min_df"": 2, ""ngram_range"": [1, 1], ""sublinear_tf"": true}",0.5,0.8044444444444444,0.767946261239445,0.7046979865771812,0.7792592922919128,0.8764766577523215,0.8373985416319474,
01_LOG-REG_TF-IDF,config_012,logistic_regression,tfidf_word,"{""C"": 1.0, ""class_weight"": ""balanced"", ""max_df"": 0.95, ""max_features"": 10000, ""min_df"": 2, ""ngram_range"": [1, 1], ""sublinear_tf"": true}",0.5,0.7911111111111111,0.7808545136768514,0.7267441860465116,0.7788397189225365,0.8774874181389375,0.8377222042842439,
01_LOG-REG_TF-IDF,config_013,logistic_regression,tfidf_word,"{""C"": 3.0, ""class_weight"": null, ""max_df"": 0.95, ""max_features"": 10000, ""min_df"": 2, ""ngram_range"": [1, 1], ""sublinear_tf"": true}",0.5,0.7888888888888889,0.7590284065783655,0.6945337620578779,0.7666217197386164,0.877424245614774,0.8363781841512393,
01_LOG-REG_TF-IDF,config_014,logistic_regression,tfidf_word,"{""C"": 3.0, ""class_weight"": ""balanced"", ""max_df"": 0.95, ""max_features"": 10000, ""min_df"": 2, ""ngram_range"": [1, 1], ""sublinear_tf"": true}",0.5,0.7911111111111111,0.7820337341279033,0.7283236994219653,0.7793243045846289,0.8778243382678094,0.8359998546021172,
01_LOG-REG_TF-IDF,config_015,logistic_regression,tfidf_word,"{""C"": 10.0, ""class_weight"": null, ""max_df"": 0.95, ""max_features"": 10000, ""min_df"": 2, ""ngram_range"": [1, 1], ""sublinear_tf"": true}",0.5,0.7955555555555556,0.7773379098317506,0.7212121212121212,0.7799043062200957,0.8691486449493566,0.82665794428749,
01_LOG-REG_TF-IDF,config_016,logistic_regression,tfidf_word,"{""C"": 10.0, ""class_weight"": ""balanced"", ""max_df"": 0.95, ""max_features"": 10000, ""min_df"": 2, ""ngram_range"": [1, 1], ""sublinear_tf"": true}",0.5,0.7977777777777778,0.7920886942239256,0.7407407407407407,0.7874924104432302,0.8700541177957001,0.8269896202138303,
01_LOG-REG_TF-IDF,config_017,logistic_regression,tfidf_word,"{""C"": 0.1, ""class_weight"": null, ""max_df"": 0.95, ""max_features"": 10000, ""min_df"": 5, ""ngram_range"": [1, 1], ""sublinear_tf"": true}",0.5,0.7466666666666667,0.6650803343932279,0.5,0.6651785714285714,0.8587041209543262,0.8149366179409487,
01_LOG-REG_TF-IDF,config_018,logistic_regression,tfidf_word,"{""C"": 0.1, ""class_weight"": ""balanced"", ""max_df"": 0.95, ""max_features"": 10000, ""min_df"": 5, ""ngram_range"": [1, 1], ""sublinear_tf"": true}",0.5,0.7755555555555556,0.7577860136031502,0.6966966966966966,0.7592830926164259,0.8599465139295416,0.8160962260489993,
01_LOG-REG_TF-IDF,config_019,logistic_regression,tfidf_word,"{""C"": 1.0, ""class_weight"": null, ""max_df"": 0.95, ""max_features"": 10000, ""min_df"": 5, ""ngram_range"": [1, 1], ""sublinear_tf"": true}",0.5,0.7911111111111111,0.757270104655815,0.6907894736842105,0.7665356764394207,0.8771083829939564,0.8327945651721191,
01_LOG-REG_TF-IDF,config_020,logistic_regression,tfidf_word,"{""C"": 1.0, ""class_weight"": ""balanced"", ""max_df"": 0.95, ""max_features"": 10000, ""min_df"": 5, ""ngram_range"": [1, 1], ""sublinear_tf"": true}",0.5,0.8022222222222222,0.7956474130851355,0.7449856733524355,0.7917305862224973,0.8786666385899893,0.8335067736886453,
01_LOG-REG_TF-IDF,config_021,logistic_regression,tfidf_word,"{""C"": 3.0, ""class_weight"": null, ""max_df"": 0.95, ""max_features"": 10000, ""min_df"": 5, ""ngram_range"": [1, 1], ""sublinear_tf"": true}",0.5,0.7977777777777778,0.7708627261049927,0.7111111111111111,0.7777777777777778,0.8746446545515804,0.8280311246730526,
01_LOG-REG_TF-IDF,config_022,logistic_regression,tfidf_word,"{""C"": 3.0, ""class_weight"": ""balanced"", ""max_df"": 0.95, ""max_features"": 10000, ""min_df"": 5, ""ngram_range"": [1, 1], ""sublinear_tf"": true}",0.5,0.7933333333333333,0.792067636715871,0.7409470752089137,0.7845215967541797,0.8754869548737603,0.8278718464211902,
01_LOG-REG_TF-IDF,config_023,logistic_regression,tfidf_word,"{""C"": 10.0, ""class_weight"": null, ""max_df"": 0.95, ""max_features"": 10000, ""min_df"": 5, ""ngram_range"": [1, 1], ""sublinear_tf"": true}",0.5,0.7755555555555556,0.7601444545052538,0.7002967359050445,0.76045032177135,0.8568089452294214,0.8052718481855248,
01_LOG-REG_TF-IDF,config_024,logistic_regression,tfidf_word,"{""C"": 10.0, ""class_weight"": ""balanced"", ""max_df"": 0.95, ""max_features"": 10000, ""min_df"": 5, ""ngram_range"": [1, 1], ""sublinear_tf"": true}",0.5,0.7711111111111111,0.7707363810566658,0.7162534435261708,0.7622235560275175,0.8572300953905115,0.8039889884260024,
01_LOG-REG_TF-IDF,config_025,logistic_regression,tfidf_word,"{""C"": 0.1, ""class_weight"": null, ""max_df"": 0.95, ""max_features"": 10000, ""min_df"": 1, ""ngram_range"": [1, 2], ""sublinear_tf"": true}",0.5,0.7222222222222222,0.6313567352439513,0.4186046511627907,0.6180614496689866,0.8631683126618795,0.8243700402400099,
01_LOG-REG_TF-IDF,config_026,logistic_regression,tfidf_word,"{""C"": 0.1, ""class_weight"": ""balanced"", ""max_df"": 0.95, ""max_features"": 10000, ""min_df"": 1, ""ngram_range"": [1, 2], ""sublinear_tf"": true}",0.5,0.7977777777777778,0.7626081829476299,0.6976744186046512,0.7728772760802889,0.8648950283223482,0.8263556301673625,
01_LOG-REG_TF-IDF,config_027,logistic_regression,tfidf_word,"{""C"": 1.0, ""class_weight"": null, ""max_df"": 0.95, ""max_features"": 10000, ""min_df"": 1, ""ngram_range"": [1, 2], ""sublinear_tf"": true}",0.5,0.82,0.7756848954494726,0.7137809187279152,0.7912502648744923,0.8830044852492156,0.8481385377531612,
01_LOG-REG_TF-IDF,config_028,logistic_regression,tfidf_word,"{""C"": 1.0, ""class_weight"": ""balanced"", ""max_df"": 0.95, ""max_features"": 10000, ""min_df"": 1, ""ngram_range"": [1, 2], ""sublinear_tf"": true}",0.5,0.7933333333333333,0.779096211754301,0.7240356083086054,0.7794245537102529,0.8840994756680494,0.8487542735171336,
01_LOG-REG_TF-IDF,config_029,logistic_regression,tfidf_word,"{""C"": 3.0, ""class_weight"": null, ""max_df"": 0.95, ""max_features"": 10000, ""min_df"": 1, ""ngram_range"": [1, 2], ""sublinear_tf"": true}",0.5,0.8111111111111111,0.7815388826886227,0.7249190938511327,0.7905475333891874,0.8863736865379351,0.8500095156168861,
01_LOG-REG_TF-IDF,config_030,logistic_regression,tfidf_word,"{""C"": 3.0, ""class_weight"": ""balanced"", ""max_df"": 0.95, ""max_features"": 10000, ""min_df"": 1, ""ngram_range"": [1, 2], ""sublinear_tf"": true}",0.5,0.8022222222222222,0.7932889721830318,0.7420289855072464,0.7908343125734429,0.8874897344648235,0.8511965338793704,
01_LOG-REG_TF-IDF,config_031,logistic_regression,tfidf_word,"{""C"": 10.0, ""class_weight"": null, ""max_df"": 0.95, ""max_features"": 10000, ""min_df"": 1, ""ngram_range"": [1, 2], ""sublinear_tf"": true}",0.5,0.8155555555555556,0.7921729242561435,0.7398119122257053,0.7984773846842812,0.8834677504264146,0.8471416878574025,
01_LOG-REG_TF-IDF,config_032,logistic_regression,tfidf_word,"{""C"": 10.0, ""class_weight"": ""balanced"", ""max_df"": 0.95, ""max_features"": 10000, ""min_df"": 1, ""ngram_range"": [1, 2], ""sublinear_tf"": true}",0.5,0.8,0.7879719513992713,0.7352941176470589,0.7872899159663866,0.8842258207163765,0.8475960654134064,
01_LOG-REG_TF-IDF,config_033,logistic_regression,tfidf_word,"{""C"": 0.1, ""class_weight"": null, ""max_df"": 0.95, ""max_features"": 10000, ""min_df"": 2, ""ngram_range"": [1, 2], ""sublinear_tf"": true}",0.5,0.7222222222222222,0.6313567352439513,0.4186046511627907,0.6180614496689866,0.8642422455726588,0.8255375234048064,
01_LOG-REG_TF-IDF,config_034,logistic_regression,tfidf_word,"{""C"": 0.1, ""class_weight"": ""balanced"", ""max_df"": 0.95, ""max_features"": 10000, ""min_df"": 2, ""ngram_range"": [1, 2], ""sublinear_tf"": true}",0.5,0.7977777777777778,0.7649666238497337,0.7016393442622951,0.7743490838958534,0.8661795363136726,0.8278286521239094,
01_LOG-REG_TF-IDF,config_035,logistic_regression,tfidf_word,"{""C"": 1.0, ""class_weight"": null, ""max_df"": 0.95, ""max_features"": 10000, ""min_df"": 2, ""ngram_range"": [1, 2], ""sublinear_tf"": true}",0.5,0.8155555555555556,0.769767735686159,0.7046263345195729,0.7852695485198834,0.8833624628861421,0.8472623271371985,
01_LOG-REG_TF-IDF,config_036,logistic_regression,tfidf_word,"{""C"": 1.0, ""class_weight"": ""balanced"", ""max_df"": 0.95, ""max_features"": 10000, ""min_df"": 2, ""ngram_range"": [1, 2], ""sublinear_tf"": true}",0.5,0.7933333333333333,0.779096211754301,0.7240356083086054,0.7794245537102529,0.883909958095559,0.847551908936699,
01_LOG-REG_TF-IDF,config_037,logistic_regression,tfidf_word,"{""C"": 3.0, ""class_weight"": null, ""max_df"": 0.95, ""max_features"": 10000, ""min_df"": 2, ""ngram_range"": [1, 2], ""sublinear_tf"": true}",0.5,0.8022222222222222,0.7708837836130472,0.7100977198697068,0.7800067014188332,0.8850049485143928,0.8473803465121865,
01_LOG-REG_TF-IDF,config_038,logistic_regression,tfidf_word,"{""C"": 3.0, ""class_weight"": ""balanced"", ""max_df"": 0.95, ""max_features"": 10000, ""min_df"": 2, ""ngram_range"": [1, 2], ""sublinear_tf"": true}",0.5,0.7955555555555556,0.787950893891217,0.735632183908046,0.7844827586206897,0.8860157089010086,0.8476415678624976,
01_LOG-REG_TF-IDF,config_039,logistic_regression,tfidf_word,"{""C"": 10.0, ""class_weight"": null, ""max_df"": 0.95, ""max_features"": 10000, ""min_df"": 2, ""ngram_range"": [1, 2], ""sublinear_tf"": true}",0.5,0.8066666666666666,0.7850554865337236,0.7306501547987616,0.7899351293924484,0.8799511465813135,0.8424019705456938,
01_LOG-REG_TF-IDF,config_040,logistic_regression,tfidf_word,"{""C"": 10.0, ""class_weight"": ""balanced"", ""max_df"": 0.95, ""max_features"": 10000, ""min_df"": 2, ""ngram_range"": [1, 2], ""sublinear_tf"": true}",0.5,0.7888888888888889,0.7790751542462465,0.7246376811594203,0.7767332549941246,0.8803301817262945,0.8423067587452118,
01_LOG-REG_TF-IDF,config_041,logistic_regression,tfidf_word,"{""C"": 0.1, ""class_weight"": null, ""max_df"": 0.95, ""max_features"": 10000, ""min_df"": 5, ""ngram_range"": [1, 2], ""sublinear_tf"": true}",0.5,0.7377777777777778,0.6532460148666007,0.4732142857142857,0.6493290363482671,0.8659479037250731,0.824266288499845,
01_LOG-REG_TF-IDF,config_042,logistic_regression,tfidf_word,"{""C"": 0.1, ""class_weight"": ""balanced"", ""max_df"": 0.95, ""max_features"": 10000, ""min_df"": 5, ""ngram_range"": [1, 2], ""sublinear_tf"": true}",0.5,0.7955555555555556,0.7738002484785951,0.7160493827160493,0.7781635802469136,0.867169239192234,0.8258647484645445,
01_LOG-REG_TF-IDF,config_043,logistic_regression,tfidf_word,"{""C"": 1.0, ""class_weight"": null, ""max_df"": 0.95, ""max_features"": 10000, ""min_df"": 5, ""ngram_range"": [1, 2], ""sublinear_tf"": true}",0.5,0.8133333333333334,0.7750636989618649,0.7142857142857143,0.7878359264497878,0.8842679357324854,0.8415622444706449,
01_LOG-REG_TF-IDF,config_044,logistic_regression,tfidf_word,"{""C"": 1.0, ""class_weight"": ""balanced"", ""max_df"": 0.95, ""max_features"": 10000, ""min_df"": 5, ""ngram_range"": [1, 2], ""sublinear_tf"": true}",0.5,0.8044444444444444,0.7950683316136369,0.7441860465116279,0.792956332608332,0.8856577312640822,0.8423130578997033,
01_LOG-REG_TF-IDF,config_045,logistic_regression,tfidf_word,"{""C"": 3.0, ""class_weight"": null, ""max_df"": 0.95, ""max_features"": 10000, ""min_df"": 5, ""ngram_range"": [1, 2], ""sublinear_tf"": true}",0.5,0.7977777777777778,0.769683505653941,0.7092651757188498,0.777119811028079,0.8816989197498368,0.8367892671367577,
01_LOG-REG_TF-IDF,config_046,logistic_regression,tfidf_word,"{""C"": 3.0, ""class_weight"": ""balanced"", ""max_df"": 0.95, ""max_features"": 10000, ""min_df"": 5, ""ngram_range"": [1, 2], ""sublinear_tf"": true}",0.5,0.7977777777777778,0.7920886942239256,0.7407407407407407,0.7874924104432302,0.8830044852492156,0.8373479186875146,
01_LOG-REG_TF-IDF,config_047,logistic_regression,tfidf_word,"{""C"": 10.0, ""class_weight"": null, ""max_df"": 0.95, ""max_features"": 10000, ""min_df"": 5, ""ngram_range"": [1, 2], ""sublinear_tf"": true}",0.5,0.7888888888888889,0.7696413906378319,0.7112462006079028,0.7724357097610441,0.8671060666680704,0.8215741651470613,
01_LOG-REG_TF-IDF,config_048,logistic_regression,tfidf_word,"{""C"": 10.0, ""class_weight"": ""balanced"", ""max_df"": 0.95, ""max_features"": 10000, ""min_df"": 5, ""ngram_range"": [1, 2], ""sublinear_tf"": true}",0.5,0.78,0.775495377876982,0.7211267605633803,0.7697376922082957,0.867800964433869,0.821863231501429,
01_LOG-REG_TF-IDF,config_049,logistic_regression,tfidf_word,"{""C"": 0.1, ""class_weight"": null, ""max_df"": 0.95, ""max_features"": 10000, ""min_df"": 1, ""ngram_range"": [1, 3], ""sublinear_tf"": true}",0.5,0.7155555555555555,0.6224809955989808,0.39622641509433965,0.6050899517332163,0.8678851944660868,0.8298833442384281,
01_LOG-REG_TF-IDF,config_050,logistic_regression,tfidf_word,"{""C"": 0.1, ""class_weight"": ""balanced"", ""max_df"": 0.95, ""max_features"": 10000, ""min_df"": 1, ""ngram_range"": [1, 3], ""sublinear_tf"": true}",0.5,0.8,0.7620291014761313,0.6959459459459459,0.7734696617146948,0.8692118174735203,0.8312598929024884,
01_LOG-REG_TF-IDF,config_051,logistic_regression,tfidf_word,"{""C"": 1.0, ""class_weight"": null, ""max_df"": 0.95, ""max_features"": 10000, ""min_df"": 1, ""ngram_range"": [1, 3], ""sublinear_tf"": true}",0.5,0.8111111111111111,0.7638505759228453,0.6953405017921147,0.7792322476754454,0.8844574533049758,0.8481172340240629,
01_LOG-REG_TF-IDF,config_052,logistic_regression,tfidf_word,"{""C"": 1.0, ""class_weight"": ""balanced"", ""max_df"": 0.95, ""max_features"": 10000, ""min_df"": 1, ""ngram_range"": [1, 3], ""sublinear_tf"": true}",0.5,0.7955555555555556,0.780875571184906,0.7261904761904762,0.7815349544072948,0.8851734085788288,0.8488837341122931,
01_LOG-REG_TF-IDF,config_053,logistic_regression,tfidf_word,"{""C"": 3.0, ""class_weight"": null, ""max_df"": 0.95, ""max_features"": 10000, ""min_df"": 1, ""ngram_range"": [1, 3], ""sublinear_tf"": true}",0.5,0.8088888888888889,0.7785803028069658,0.7207792207792207,0.7877544752544752,0.8871106993198424,0.8504339826337215,
01_LOG-REG_TF-IDF,config_054,logistic_regression,tfidf_word,"{""C"": 3.0, ""class_weight"": ""balanced"", ""max_df"": 0.95, ""max_features"": 10000, ""min_df"": 1, ""ngram_range"": [1, 3], ""sublinear_tf"": true}",0.5,0.7977777777777778,0.7873718124197182,0.7346938775510204,0.7856593265672517,0.8879108846259134,0.8510634633832543,
01_LOG-REG_TF-IDF,config_055,logistic_regression,tfidf_word,"{""C"": 10.0, ""class_weight"": null, ""max_df"": 0.95, ""max_features"": 10000, ""min_df"": 1, ""ngram_range"": [1, 3], ""sublinear_tf"": true}",0.5,0.8022222222222222,0.7803175472214618,0.7244582043343654,0.7851060519072173,0.8821411274189811,0.8442493988752833,
01_LOG-REG_TF-IDF,config_056,logistic_regression,tfidf_word,"{""C"": 10.0, ""class_weight"": ""balanced"", ""max_df"": 0.95, ""max_features"": 10000, ""min_df"": 1, ""ngram_range"": [1, 3], ""sublinear_tf"": true}",0.5,0.7955555555555556,0.7820547916359578,0.727810650887574,0.7820547916359578,0.8828781402008886,0.8448686855494764,
01_LOG-REG_TF-IDF,config_057,logistic_regression,tfidf_word,"{""C"": 0.1, ""class_weight"": null, ""max_df"": 0.95, ""max_features"": 10000, ""min_df"": 2, ""ngram_range"": [1, 3], ""sublinear_tf"": true}",0.5,0.7155555555555555,0.6224809955989808,0.39622641509433965,0.6050899517332163,0.8682431721030134,0.8307039247860074,
01_LOG-REG_TF-IDF,config_058,logistic_regression,tfidf_word,"{""C"": 0.1, ""class_weight"": ""balanced"", ""max_df"": 0.95, ""max_features"": 10000, ""min_df"": 2, ""ngram_range"": [1, 3], ""sublinear_tf"": true}",0.5,0.8022222222222222,0.7638084609067364,0.6983050847457627,0.7755988233646169,0.8698224852071006,0.83247473903277,
01_LOG-REG_TF-IDF,config_059,logistic_regression,tfidf_word,"{""C"": 1.0, ""class_weight"": null, ""max_df"": 0.95, ""max_features"": 10000, ""min_df"": 2, ""ngram_range"": [1, 3], ""sublinear_tf"": true}",0.5,0.8111111111111111,0.7638505759228453,0.6953405017921147,0.7792322476754454,0.8852997536271558,0.8494706090904608,
01_LOG-REG_TF-IDF,config_060,logistic_regression,tfidf_word,"{""C"": 1.0, ""class_weight"": ""balanced"", ""max_df"": 0.95, ""max_features"": 10000, ""min_df"": 2, ""ngram_range"": [1, 3], ""sublinear_tf"": true}",0.5,0.8,0.784434290046116,0.7305389221556886,0.7857641607244874,0.8858683063446271,0.8497719256609457,
01_LOG-REG_TF-IDF,config_061,logistic_regression,tfidf_word,"{""C"": 3.0, ""class_weight"": null, ""max_df"": 0.95, ""max_features"": 10000, ""min_df"": 2, ""ngram_range"": [1, 3], ""sublinear_tf"": true}",0.5,0.8044444444444444,0.7726631430436521,0.7124183006535948,0.7821350762527233,0.8877424245614773,0.8514968262765522,
01_LOG-REG_TF-IDF,config_062,logistic_regression,tfidf_word,"{""C"": 3.0, ""class_weight"": ""balanced"", ""max_df"": 0.95, ""max_features"": 10000, ""min_df"": 2, ""ngram_range"": [1, 3], ""sublinear_tf"": true}",0.5,0.8022222222222222,0.79210975173198,0.7405247813411079,0.7903701105987406,0.8882899197708943,0.8516821095914119,
01_LOG-REG_TF-IDF,config_063,logistic_regression,tfidf_word,"{""C"": 10.0, ""class_weight"": null, ""max_df"": 0.95, ""max_features"": 10000, ""min_df"": 2, ""ngram_range"": [1, 3], ""sublinear_tf"": true}",0.5,0.8044444444444444,0.7820969066520668,0.7267080745341615,0.7872294697930323,0.8827939101686706,0.8452814861921459,
01_LOG-REG_TF-IDF,config_064,logistic_regression,tfidf_word,"{""C"": 10.0, ""class_weight"": ""balanced"", ""max_df"": 0.95, ""max_features"": 10000, ""min_df"": 2, ""ngram_range"": [1, 3], ""sublinear_tf"": true}",0.5,0.7955555555555556,0.7832340120870096,0.7294117647058823,0.782563025210084,0.8831518878055971,0.845989113165007,
01_LOG-REG_TF-IDF,config_065,logistic_regression,tfidf_word,"{""C"": 0.1, ""class_weight"": null, ""max_df"": 0.95, ""max_features"": 10000, ""min_df"": 5, ""ngram_range"": [1, 3], ""sublinear_tf"": true}",0.5,0.7377777777777778,0.6532460148666007,0.4732142857142857,0.6493290363482671,0.8685379772157763,0.8285296609477673,
01_LOG-REG_TF-IDF,config_066,logistic_regression,tfidf_word,"{""C"": 0.1, ""class_weight"": ""balanced"", ""max_df"": 0.95, ""max_features"": 10000, ""min_df"": 5, ""ngram_range"": [1, 3], ""sublinear_tf"": true}",0.5,0.8044444444444444,0.780917686201015,0.725,0.7866379310344828,0.8701594053359725,0.8300410032202405,
01_LOG-REG_TF-IDF,config_067,logistic_regression,tfidf_word,"{""C"": 1.0, ""class_weight"": null, ""max_df"": 0.95, ""max_features"": 10000, ""min_df"": 5, ""ngram_range"": [1, 3], ""sublinear_tf"": true}",0.5,0.8066666666666666,0.7685464002189981,0.7050847457627119,0.7806415464350749,0.8858261913285181,0.8436621811036928,
01_LOG-REG_TF-IDF,config_068,logistic_regression,tfidf_word,"{""C"": 1.0, ""class_weight"": ""balanced"", ""max_df"": 0.95, ""max_features"": 10000, ""min_df"": 5, ""ngram_range"": [1, 3], ""sublinear_tf"": true}",0.5,0.8044444444444444,0.7927098907115332,0.7411764705882353,0.7920168067226891,0.8869001242392975,0.8442209197480804,
01_LOG-REG_TF-IDF,config_069,logistic_regression,tfidf_word,"{""C"": 3.0, ""class_weight"": null, ""max_df"": 0.95, ""max_features"": 10000, ""min_df"": 5, ""ngram_range"": [1, 3], ""sublinear_tf"": true}",0.5,0.8044444444444444,0.7762008043968077,0.717948717948718,0.7841444270015698,0.8835519804586326,0.8390516125712131,
01_LOG-REG_TF-IDF,config_070,logistic_regression,tfidf_word,"{""C"": 3.0, ""class_weight"": ""balanced"", ""max_df"": 0.95, ""max_features"": 10000, ""min_df"": 5, ""ngram_range"": [1, 3], ""sublinear_tf"": true}",0.5,0.8,0.7950472741055823,0.7443181818181818,0.7900423025879231,0.8846680283855208,0.8393175885239514,
01_LOG-REG_TF-IDF,config_071,logistic_regression,tfidf_word,"{""C"": 10.0, ""class_weight"": null, ""max_df"": 0.95, ""max_features"": 10000, ""min_df"": 5, ""ngram_range"": [1, 3], ""sublinear_tf"": true}",0.5,0.7866666666666666,0.7666828107561752,0.7073170731707317,0.769742452669282,0.870306807892354,0.8253187410772534,
01_LOG-REG_TF-IDF,config_072,logistic_regression,tfidf_word,"{""C"": 10.0, ""class_weight"": ""balanced"", ""max_df"": 0.95, ""max_features"": 10000, ""min_df"": 5, ""ngram_range"": [1, 3], ""sublinear_tf"": true}",0.5,0.7822222222222223,0.7760955168565351,0.7215909090909091,0.771379396151294,0.8707700730695529,0.8255513872441015,
01_LOG-REG_TF-IDF,config_073,logistic_regression,tfidf_word,"{""C"": 0.1, ""class_weight"": null, ""max_df"": 0.95, ""max_features"": 20000, ""min_df"": 1, ""ngram_range"": [1, 1], ""sublinear_tf"": true}",0.5,0.74,0.6550253742972056,0.47533632286995514,0.6512575262798815,0.8521762934574322,0.8120304705483533,
01_LOG-REG_TF-IDF,config_074,logistic_regression,tfidf_word,"{""C"": 0.1, ""class_weight"": ""balanced"", ""max_df"": 0.95, ""max_features"": 20000, ""min_df"": 1, ""ngram_range"": [1, 1], ""sublinear_tf"": true}",0.5,0.7911111111111111,0.7655246478131779,0.7044025157232704,0.7714452441159307,0.8549348270125714,0.8147743011558931,
01_LOG-REG_TF-IDF,config_075,logistic_regression,tfidf_word,"{""C"": 1.0, ""class_weight"": null, ""max_df"": 0.95, ""max_features"": 20000, ""min_df"": 1, ""ngram_range"": [1, 1], ""sublinear_tf"": true}",0.5,0.8066666666666666,0.7673671797679462,0.7030716723549488,0.7798719152549044,0.8750447472046158,0.8410958743035382,
01_LOG-REG_TF-IDF,config_076,logistic_regression,tfidf_word,"{""C"": 1.0, ""class_weight"": ""balanced"", ""max_df"": 0.95, ""max_features"": 20000, ""min_df"": 1, ""ngram_range"": [1, 1], ""sublinear_tf"": true}",0.5,0.7955555555555556,0.7867716734401651,0.7341040462427746,0.7840195321466581,0.8760976226073406,0.8411606100741226,
01_LOG-REG_TF-IDF,config_077,logistic_regression,tfidf_word,"{""C"": 3.0, ""class_weight"": null, ""max_df"": 0.95, ""max_features"": 20000, ""min_df"": 1, ""ngram_range"": [1, 1], ""sublinear_tf"": true}",0.5,0.8022222222222222,0.7708837836130472,0.7100977198697068,0.7800067014188332,0.877340015582556,0.8422880781078923,
01_LOG-REG_TF-IDF,config_078,logistic_regression,tfidf_word,"{""C"": 3.0, ""class_weight"": ""balanced"", ""max_df"": 0.95, ""max_features"": 20000, ""min_df"": 1, ""ngram_range"": [1, 1], ""sublinear_tf"": true}",0.5,0.7822222222222223,0.771378635052328,0.7151162790697675,0.7694286431320061,0.8775927056792099,0.8410717429408812,
01_LOG-REG_TF-IDF,config_079,logistic_regression,tfidf_word,"{""C"": 10.0, ""class_weight"": null, ""max_df"": 0.95, ""max_features"": 20000, ""min_df"": 1, ""ngram_range"": [1, 1], ""sublinear_tf"": true}",0.5,0.7933333333333333,0.7696624481458865,0.7102803738317757,0.7748293060868723,0.8731074564636021,0.8372838491504629,
01_LOG-REG_TF-IDF,config_080,logistic_regression,tfidf_word,"{""C"": 10.0, ""class_weight"": ""balanced"", ""max_df"": 0.95, ""max_features"": 20000, ""min_df"": 1, ""ngram_range"": [1, 1], ""sublinear_tf"": true}",0.5,0.78,0.7719577165238265,0.7163323782234957,0.7683295284946879,0.8732969740360925,0.8365713286063037,
01_LOG-REG_TF-IDF,config_081,logistic_regression,tfidf_word,"{""C"": 0.1, ""class_weight"": null, ""max_df"": 0.95, ""max_features"": 20000, ""min_df"": 2, ""ngram_range"": [1, 1], ""sublinear_tf"": true}",0.5,0.74,0.6562045947482575,0.48,0.6533333333333333,0.8556086672703151,0.8144381078721139,
01_LOG-REG_TF-IDF,config_082,logistic_regression,tfidf_word,"{""C"": 0.1, ""class_weight"": ""balanced"", ""max_df"": 0.95, ""max_features"": 20000, ""min_df"": 2, ""ngram_range"": [1, 1], ""sublinear_tf"": true}",0.5,0.7822222222222223,0.7595864305418096,0.6975308641975309,0.763695987654321,0.85792499315631,0.816454629450057,
01_LOG-REG_TF-IDF,config_083,logistic_regression,tfidf_word,"{""C"": 1.0, ""class_weight"": null, ""max_df"": 0.95, ""max_features"": 20000, ""min_df"": 2, ""ngram_range"": [1, 1], ""sublinear_tf"": true}",0.5,0.8044444444444444,0.767946261239445,0.7046979865771812,0.7792592922919128,0.8764766577523215,0.8373985416319474,
01_LOG-REG_TF-IDF,config_084,logistic_regression,tfidf_word,"{""C"": 1.0, ""class_weight"": ""balanced"", ""max_df"": 0.95, ""max_features"": 20000, ""min_df"": 2, ""ngram_range"": [1, 1], ""sublinear_tf"": true}",0.5,0.7911111111111111,0.7808545136768514,0.7267441860465116,0.7788397189225365,0.8774874181389375,0.8377222042842439,
01_LOG-REG_TF-IDF,config_085,logistic_regression,tfidf_word,"{""C"": 3.0, ""class_weight"": null, ""max_df"": 0.95, ""max_features"": 20000, ""min_df"": 2, ""ngram_range"": [1, 1], ""sublinear_tf"": true}",0.5,0.7888888888888889,0.7590284065783655,0.6945337620578779,0.7666217197386164,0.877424245614774,0.8363781841512393,
01_LOG-REG_TF-IDF,config_086,logistic_regression,tfidf_word,"{""C"": 3.0, ""class_weight"": ""balanced"", ""max_df"": 0.95, ""max_features"": 20000, ""min_df"": 2, ""ngram_range"": [1, 1], ""sublinear_tf"": true}",0.5,0.7911111111111111,0.7820337341279033,0.7283236994219653,0.7793243045846289,0.8778243382678094,0.8359998546021172,
01_LOG-REG_TF-IDF,config_087,logistic_regression,tfidf_word,"{""C"": 10.0, ""class_weight"": null, ""max_df"": 0.95, ""max_features"": 20000, ""min_df"": 2, ""ngram_range"": [1, 1], ""sublinear_tf"": true}",0.5,0.7955555555555556,0.7773379098317506,0.7212121212121212,0.7799043062200957,0.8691486449493566,0.82665794428749,
01_LOG-REG_TF-IDF,config_088,logistic_regression,tfidf_word,"{""C"": 10.0, ""class_weight"": ""balanced"", ""max_df"": 0.95, ""max_features"": 20000, ""min_df"": 2, ""ngram_range"": [1, 1], ""sublinear_tf"": true}",0.5,0.7977777777777778,0.7920886942239256,0.7407407407407407,0.7874924104432302,0.8700541177957001,0.8269896202138303,
01_LOG-REG_TF-IDF,config_089,logistic_regression,tfidf_word,"{""C"": 0.1, ""class_weight"": null, ""max_df"": 0.95, ""max_features"": 20000, ""min_df"": 5, ""ngram_range"": [1, 1], ""sublinear_tf"": true}",0.5,0.7466666666666667,0.6650803343932279,0.5,0.6651785714285714,0.8587041209543262,0.8149366179409487,
01_LOG-REG_TF-IDF,config_090,logistic_regression,tfidf_word,"{""C"": 0.1, ""class_weight"": ""balanced"", ""max_df"": 0.95, ""max_features"": 20000, ""min_df"": 5, ""ngram_range"": [1, 1], ""sublinear_tf"": true}",0.5,0.7755555555555556,0.7577860136031502,0.6966966966966966,0.7592830926164259,0.8599465139295416,0.8160962260489993,
01_LOG-REG_TF-IDF,config_091,logistic_regression,tfidf_word,"{""C"": 1.0, ""class_weight"": null, ""max_df"": 0.95, ""max_features"": 20000, ""min_df"": 5, ""ngram_range"": [1, 1], ""sublinear_tf"": true}",0.5,0.7911111111111111,0.757270104655815,0.6907894736842105,0.7665356764394207,0.8771083829939564,0.8327945651721191,
01_LOG-REG_TF-IDF,config_092,logistic_regression,tfidf_word,"{""C"": 1.0, ""class_weight"": ""balanced"", ""max_df"": 0.95, ""max_features"": 20000, ""min_df"": 5, ""ngram_range"": [1, 1], ""sublinear_tf"": true}",0.5,0.8022222222222222,0.7956474130851355,0.7449856733524355,0.7917305862224973,0.8786666385899893,0.8335067736886453,
01_LOG-REG_TF-IDF,config_093,logistic_regression,tfidf_word,"{""C"": 3.0, ""class_weight"": null, ""max_df"": 0.95, ""max_features"": 20000, ""min_df"": 5, ""ngram_range"": [1, 1], ""sublinear_tf"": true}",0.5,0.7977777777777778,0.7708627261049927,0.7111111111111111,0.7777777777777778,0.8746446545515804,0.8280311246730526,
01_LOG-REG_TF-IDF,config_094,logistic_regression,tfidf_word,"{""C"": 3.0, ""class_weight"": ""balanced"", ""max_df"": 0.95, ""max_features"": 20000, ""min_df"": 5, ""ngram_range"": [1, 1], ""sublinear_tf"": true}",0.5,0.7933333333333333,0.792067636715871,0.7409470752089137,0.7845215967541797,0.8754869548737603,0.8278718464211902,
01_LOG-REG_TF-IDF,config_095,logistic_regression,tfidf_word,"{""C"": 10.0, ""class_weight"": null, ""max_df"": 0.95, ""max_features"": 20000, ""min_df"": 5, ""ngram_range"": [1, 1], ""sublinear_tf"": true}",0.5,0.7755555555555556,0.7601444545052538,0.7002967359050445,0.76045032177135,0.8568089452294214,0.8052718481855248,
01_LOG-REG_TF-IDF,config_096,logistic_regression,tfidf_word,"{""C"": 10.0, ""class_weight"": ""balanced"", ""max_df"": 0.95, ""max_features"": 20000, ""min_df"": 5, ""ngram_range"": [1, 1], ""sublinear_tf"": true}",0.5,0.7711111111111111,0.7707363810566658,0.7162534435261708,0.7622235560275175,0.8572300953905115,0.8039889884260024,
01_LOG-REG_TF-IDF,config_097,logistic_regression,tfidf_word,"{""C"": 0.1, ""class_weight"": null, ""max_df"": 0.95, ""max_features"": 20000, ""min_df"": 1, ""ngram_range"": [1, 2], ""sublinear_tf"": true}",0.5,0.7155555555555555,0.6224809955989808,0.39622641509433965,0.6050899517332163,0.8621154372591547,0.8210303852399027,
01_LOG-REG_TF-IDF,config_098,logistic_regression,tfidf_word,"{""C"": 0.1, ""class_weight"": ""balanced"", ""max_df"": 0.95, ""max_features"": 20000, ""min_df"": 1, ""ngram_range"": [1, 2], ""sublinear_tf"": true}",0.5,0.7955555555555556,0.7572911621638695,0.6891891891891891,0.7684356541972436,0.863821095411569,0.8228817890786817,
01_LOG-REG_TF-IDF,config_099,logistic_regression,tfidf_word,"{""C"": 1.0, ""class_weight"": null, ""max_df"": 0.95, ""max_features"": 20000, ""min_df"": 1, ""ngram_range"": [1, 2], ""sublinear_tf"": true}",0.5,0.8177777777777778,0.7715470951167639,0.7071428571428572,0.7874423963133641,0.8834677504264145,0.8477987695588483,
01_LOG-REG_TF-IDF,config_100,logistic_regression,tfidf_word,"{""C"": 1.0, ""class_weight"": ""balanced"", ""max_df"": 0.95, ""max_features"": 20000, ""min_df"": 1, ""ngram_range"": [1, 2], ""sublinear_tf"": true}",0.5,0.8022222222222222,0.7862136494767209,0.7327327327327328,0.7878831212164545,0.8844363957969215,0.8485953776741088,
01_LOG-REG_TF-IDF,config_101,logistic_regression,tfidf_word,"{""C"": 3.0, ""class_weight"": null, ""max_df"": 0.95, ""max_features"": 20000, ""min_df"": 1, ""ngram_range"": [1, 2], ""sublinear_tf"": true}",0.5,0.8155555555555556,0.782739160647729,0.7260726072607261,0.7935220657744166,0.8886268398997663,0.8525583622283185,
01_LOG-REG_TF-IDF,config_102,logistic_regression,tfidf_word,"{""C"": 3.0, ""class_weight"": ""balanced"", ""max_df"": 0.95, ""max_features"": 20000, ""min_df"": 1, ""ngram_range"": [1, 2], ""sublinear_tf"": true}",0.5,0.8044444444444444,0.7950683316136369,0.7441860465116279,0.792956332608332,0.8893427951736191,0.8530101977059349,
01_LOG-REG_TF-IDF,config_103,logistic_regression,tfidf_word,"{""C"": 10.0, ""class_weight"": null, ""max_df"": 0.95, ""max_features"": 20000, ""min_df"": 1, ""ngram_range"": [1, 2], ""sublinear_tf"": true}",0.5,0.8244444444444444,0.8016488028806671,0.7523510971786834,0.8081893179525086,0.8885215523594938,0.8526891136455288,
01_LOG-REG_TF-IDF,config_104,logistic_regression,tfidf_word,"{""C"": 10.0, ""class_weight"": ""balanced"", ""max_df"": 0.95, ""max_features"": 20000, ""min_df"": 1, ""ngram_range"": [1, 2], ""sublinear_tf"": true}",0.5,0.8066666666666666,0.7980269114952936,0.7478260869565218,0.7955346650998825,0.8889848175366928,0.8523265322115364,
01_LOG-REG_TF-IDF,config_105,logistic_regression,tfidf_word,"{""C"": 0.1, ""class_weight"": null, ""max_df"": 0.95, ""max_features"": 20000, ""min_df"": 2, ""ngram_range"": [1, 2], ""sublinear_tf"": true}",0.5,0.7222222222222222,0.6313567352439513,0.4186046511627907,0.6180614496689866,0.8642422455726588,0.8255375234048064,
01_LOG-REG_TF-IDF,config_106,logistic_regression,tfidf_word,"{""C"": 0.1, ""class_weight"": ""balanced"", ""max_df"": 0.95, ""max_features"": 20000, ""min_df"": 2, ""ngram_range"": [1, 2], ""sublinear_tf"": true}",0.5,0.7977777777777778,0.7649666238497337,0.7016393442622951,0.7743490838958534,0.8661795363136726,0.8278286521239094,
01_LOG-REG_TF-IDF,config_107,logistic_regression,tfidf_word,"{""C"": 1.0, ""class_weight"": null, ""max_df"": 0.95, ""max_features"": 20000, ""min_df"": 2, ""ngram_range"": [1, 2], ""sublinear_tf"": true}",0.5,0.8155555555555556,0.769767735686159,0.7046263345195729,0.7852695485198834,0.8833624628861421,0.8472623271371985,
01_LOG-REG_TF-IDF,config_108,logistic_regression,tfidf_word,"{""C"": 1.0, ""class_weight"": ""balanced"", ""max_df"": 0.95, ""max_features"": 20000, ""min_df"": 2, ""ngram_range"": [1, 2], ""sublinear_tf"": true}",0.5,0.7933333333333333,0.779096211754301,0.7240356083086054,0.7794245537102529,0.883909958095559,0.847551908936699,
01_LOG-REG_TF-IDF,config_109,logistic_regression,tfidf_word,"{""C"": 3.0, ""class_weight"": null, ""max_df"": 0.95, ""max_features"": 20000, ""min_df"": 2, ""ngram_range"": [1, 2], ""sublinear_tf"": true}",0.5,0.8022222222222222,0.7708837836130472,0.7100977198697068,0.7800067014188332,0.8850049485143928,0.8473803465121865,
01_LOG-REG_TF-IDF,config_110,logistic_regression,tfidf_word,"{""C"": 3.0, ""class_weight"": ""balanced"", ""max_df"": 0.95, ""max_features"": 20000, ""min_df"": 2, ""ngram_range"": [1, 2], ""sublinear_tf"": true}",0.5,0.7955555555555556,0.787950893891217,0.735632183908046,0.7844827586206897,0.8860157089010086,0.8476415678624976,
01_LOG-REG_TF-IDF,config_111,logistic_regression,tfidf_word,"{""C"": 10.0, ""class_weight"": null, ""max_df"": 0.95, ""max_features"": 20000, ""min_df"": 2, ""ngram_range"": [1, 2], ""sublinear_tf"": true}",0.5,0.8066666666666666,0.7850554865337236,0.7306501547987616,0.7899351293924484,0.8799511465813135,0.8424019705456938,
01_LOG-REG_TF-IDF,config_112,logistic_regression,tfidf_word,"{""C"": 10.0, ""class_weight"": ""balanced"", ""max_df"": 0.95, ""max_features"": 20000, ""min_df"": 2, ""ngram_range"": [1, 2], ""sublinear_tf"": true}",0.5,0.7888888888888889,0.7790751542462465,0.7246376811594203,0.7767332549941246,0.8803301817262945,0.8423067587452118,
01_LOG-REG_TF-IDF,config_113,logistic_regression,tfidf_word,"{""C"": 0.1, ""class_weight"": null, ""max_df"": 0.95, ""max_features"": 20000, ""min_df"": 5, ""ngram_range"": [1, 2], ""sublinear_tf"": true}",0.5,0.7377777777777778,0.6532460148666007,0.4732142857142857,0.6493290363482671,0.8659479037250731,0.824266288499845,
01_LOG-REG_TF-IDF,config_114,logistic_regression,tfidf_word,"{""C"": 0.1, ""class_weight"": ""balanced"", ""max_df"": 0.95, ""max_features"": 20000, ""min_df"": 5, ""ngram_range"": [1, 2], ""sublinear_tf"": true}",0.5,0.7955555555555556,0.7738002484785951,0.7160493827160493,0.7781635802469136,0.867169239192234,0.8258647484645445,
01_LOG-REG_TF-IDF,config_115,logistic_regression,tfidf_word,"{""C"": 1.0, ""class_weight"": null, ""max_df"": 0.95, ""max_features"": 20000, ""min_df"": 5, ""ngram_range"": [1, 2], ""sublinear_tf"": true}",0.5,0.8133333333333334,0.7750636989618649,0.7142857142857143,0.7878359264497878,0.8842679357324854,0.8415622444706449,
01_LOG-REG_TF-IDF,config_116,logistic_regression,tfidf_word,"{""C"": 1.0, ""class_weight"": ""balanced"", ""max_df"": 0.95, ""max_features"": 20000, ""min_df"": 5, ""ngram_range"": [1, 2], ""sublinear_tf"": true}",0.5,0.8044444444444444,0.7950683316136369,0.7441860465116279,0.792956332608332,0.8856577312640822,0.8423130578997033,
01_LOG-REG_TF-IDF,config_117,logistic_regression,tfidf_word,"{""C"": 3.0, ""class_weight"": null, ""max_df"": 0.95, ""max_features"": 20000, ""min_df"": 5, ""ngram_range"": [1, 2], ""sublinear_tf"": true}",0.5,0.7977777777777778,0.769683505653941,0.7092651757188498,0.777119811028079,0.8816989197498368,0.8367892671367577,
01_LOG-REG_TF-IDF,config_118,logistic_regression,tfidf_word,"{""C"": 3.0, ""class_weight"": ""balanced"", ""max_df"": 0.95, ""max_features"": 20000, ""min_df"": 5, ""ngram_range"": [1, 2], ""sublinear_tf"": true}",0.5,0.7977777777777778,0.7920886942239256,0.7407407407407407,0.7874924104432302,0.8830044852492156,0.8373479186875146,
01_LOG-REG_TF-IDF,config_119,logistic_regression,tfidf_word,"{""C"": 10.0, ""class_weight"": null, ""max_df"": 0.95, ""max_features"": 20000, ""min_df"": 5, ""ngram_range"": [1, 2], ""sublinear_tf"": true}",0.5,0.7888888888888889,0.7696413906378319,0.7112462006079028,0.7724357097610441,0.8671060666680704,0.8215741651470613,
01_LOG-REG_TF-IDF,config_120,logistic_regression,tfidf_word,"{""C"": 10.0, ""class_weight"": ""balanced"", ""max_df"": 0.95, ""max_features"": 20000, ""min_df"": 5, ""ngram_range"": [1, 2], ""sublinear_tf"": true}",0.5,0.78,0.775495377876982,0.7211267605633803,0.7697376922082957,0.867800964433869,0.821863231501429,
01_LOG-REG_TF-IDF,config_121,logistic_regression,tfidf_word,"{""C"": 0.1, ""class_weight"": null, ""max_df"": 0.95, ""max_features"": 20000, ""min_df"": 1, ""ngram_range"": [1, 3], ""sublinear_tf"": true}",0.5,0.7155555555555555,0.6224809955989808,0.39622641509433965,0.6050899517332163,0.8662005938217272,0.826775207646302,
01_LOG-REG_TF-IDF,config_122,logistic_regression,tfidf_word,"{""C"": 0.1, ""class_weight"": ""balanced"", ""max_df"": 0.95, ""max_features"": 20000, ""min_df"": 1, ""ngram_range"": [1, 3], ""sublinear_tf"": true}",0.5,0.8044444444444444,0.7632293794352376,0.696551724137931,0.7761447145279818,0.8678851944660868,0.829103343036576,
01_LOG-REG_TF-IDF,config_123,logistic_regression,tfidf_word,"{""C"": 1.0, ""class_weight"": null, ""max_df"": 0.95, ""max_features"": 20000, ""min_df"": 1, ""ngram_range"": [1, 3], ""sublinear_tf"": true}",0.5,0.8155555555555556,0.7674092947840553,0.7003610108303249,0.7835673432963823,0.8839310156036135,0.8492805578708805,
01_LOG-REG_TF-IDF,config_124,logistic_regression,tfidf_word,"{""C"": 1.0, ""class_weight"": ""balanced"", ""max_df"": 0.95, ""max_features"": 20000, ""min_df"": 1, ""ngram_range"": [1, 3], ""sublinear_tf"": true}",0.5,0.8066666666666666,0.7921308092400345,0.7402985074626866,0.7931581032888654,0.8847101434016298,0.8496801879406922,
01_LOG-REG_TF-IDF,config_125,logistic_regression,tfidf_word,"{""C"": 3.0, ""class_weight"": null, ""max_df"": 0.95, ""max_features"": 20000, ""min_df"": 1, ""ngram_range"": [1, 3], ""sublinear_tf"": true}",0.5,0.82,0.7898355408620943,0.7361563517915309,0.7997813799429829,0.8884583798353304,0.8531434334296042,
01_LOG-REG_TF-IDF,config_126,logistic_regression,tfidf_word,"{""C"": 3.0, ""class_weight"": ""balanced"", ""max_df"": 0.95, ""max_features"": 20000, ""min_df"": 1, ""ngram_range"": [1, 3], ""sublinear_tf"": true}",0.5,0.8066666666666666,0.7968476910442418,0.7463556851311953,0.7950808946302297,0.8888374149803111,0.8531191397805054,
01_LOG-REG_TF-IDF,config_127,logistic_regression,tfidf_word,"{""C"": 10.0, ""class_weight"": null, ""max_df"": 0.95, ""max_features"": 20000, ""min_df"": 1, ""ngram_range"": [1, 3], ""sublinear_tf"": true}",0.5,0.8066666666666666,0.7838762660826717,0.7289719626168224,0.7893564476296547,0.8881214597064584,0.8522937325921108,
01_LOG-REG_TF-IDF,config_128,logistic_regression,tfidf_word,"{""C"": 10.0, ""class_weight"": ""balanced"", ""max_df"": 0.95, ""max_features"": 20000, ""min_df"": 1, ""ngram_range"": [1, 3], ""sublinear_tf"": true}",0.5,0.8066666666666666,0.7968476910442418,0.7463556851311953,0.7950808946302297,0.8885215523594938,0.8527016655152848,
01_LOG-REG_TF-IDF,config_129,logistic_regression,tfidf_word,"{""C"": 0.1, ""class_weight"": null, ""max_df"": 0.95, ""max_features"": 20000, ""min_df"": 2, ""ngram_range"": [1, 3], ""sublinear_tf"": true}",0.5,0.7155555555555555,0.6224809955989808,0.39622641509433965,0.6050899517332163,0.8682431721030134,0.8307039247860074,
01_LOG-REG_TF-IDF,config_130,logistic_regression,tfidf_word,"{""C"": 0.1, ""class_weight"": ""balanced"", ""max_df"": 0.95, ""max_features"": 20000, ""min_df"": 2, ""ngram_range"": [1, 3], ""sublinear_tf"": true}",0.5,0.8022222222222222,0.7638084609067364,0.6983050847457627,0.7755988233646169,0.8698224852071006,0.83247473903277,
01_LOG-REG_TF-IDF,config_131,logistic_regression,tfidf_word,"{""C"": 1.0, ""class_weight"": null, ""max_df"": 0.95, ""max_features"": 20000, ""min_df"": 2, ""ngram_range"": [1, 3], ""sublinear_tf"": true}",0.5,0.8111111111111111,0.7638505759228453,0.6953405017921147,0.7792322476754454,0.8852997536271558,0.8494706090904608,
01_LOG-REG_TF-IDF,config_132,logistic_regression,tfidf_word,"{""C"": 1.0, ""class_weight"": ""balanced"", ""max_df"": 0.95, ""max_features"": 20000, ""min_df"": 2, ""ngram_range"": [1, 3], ""sublinear_tf"": true}",0.5,0.8,0.784434290046116,0.7305389221556886,0.7857641607244874,0.8858683063446271,0.8497719256609457,
01_LOG-REG_TF-IDF,config_133,logistic_regression,tfidf_word,"{""C"": 3.0, ""class_weight"": null, ""max_df"": 0.95, ""max_features"": 20000, ""min_df"": 2, ""ngram_range"": [1, 3], ""sublinear_tf"": true}",0.5,0.8044444444444444,0.7726631430436521,0.7124183006535948,0.7821350762527233,0.8877424245614773,0.8514968262765522,
01_LOG-REG_TF-IDF,config_134,logistic_regression,tfidf_word,"{""C"": 3.0, ""class_weight"": ""balanced"", ""max_df"": 0.95, ""max_features"": 20000, ""min_df"": 2, ""ngram_range"": [1, 3], ""sublinear_tf"": true}",0.5,0.8022222222222222,0.79210975173198,0.7405247813411079,0.7903701105987406,0.8882899197708943,0.8516821095914119,
01_LOG-REG_TF-IDF,config_135,logistic_regression,tfidf_word,"{""C"": 10.0, ""class_weight"": null, ""max_df"": 0.95, ""max_features"": 20000, ""min_df"": 2, ""ngram_range"": [1, 3], ""sublinear_tf"": true}",0.5,0.8044444444444444,0.7820969066520668,0.7267080745341615,0.7872294697930323,0.8827939101686706,0.8452814861921459,
01_LOG-REG_TF-IDF,config_136,logistic_regression,tfidf_word,"{""C"": 10.0, ""class_weight"": ""balanced"", ""max_df"": 0.95, ""max_features"": 20000, ""min_df"": 2, ""ngram_range"": [1, 3], ""sublinear_tf"": true}",0.5,0.7955555555555556,0.7832340120870096,0.7294117647058823,0.782563025210084,0.8831518878055971,0.845989113165007,
01_LOG-REG_TF-IDF,config_137,logistic_regression,tfidf_word,"{""C"": 0.1, ""class_weight"": null, ""max_df"": 0.95, ""max_features"": 20000, ""min_df"": 5, ""ngram_range"": [1, 3], ""sublinear_tf"": true}",0.5,0.7377777777777778,0.6532460148666007,0.4732142857142857,0.6493290363482671,0.8685379772157763,0.8285296609477673,
01_LOG-REG_TF-IDF,config_138,logistic_regression,tfidf_word,"{""C"": 0.1, ""class_weight"": ""balanced"", ""max_df"": 0.95, ""max_features"": 20000, ""min_df"": 5, ""ngram_range"": [1, 3], ""sublinear_tf"": true}",0.5,0.8044444444444444,0.780917686201015,0.725,0.7866379310344828,0.8701594053359725,0.8300410032202405,
01_LOG-REG_TF-IDF,config_139,logistic_regression,tfidf_word,"{""C"": 1.0, ""class_weight"": null, ""max_df"": 0.95, ""max_features"": 20000, ""min_df"": 5, ""ngram_range"": [1, 3], ""sublinear_tf"": true}",0.5,0.8066666666666666,0.7685464002189981,0.7050847457627119,0.7806415464350749,0.8858261913285181,0.8436621811036928,
01_LOG-REG_TF-IDF,config_140,logistic_regression,tfidf_word,"{""C"": 1.0, ""class_weight"": ""balanced"", ""max_df"": 0.95, ""max_features"": 20000, ""min_df"": 5, ""ngram_range"": [1, 3], ""sublinear_tf"": true}",0.5,0.8044444444444444,0.7927098907115332,0.7411764705882353,0.7920168067226891,0.8869001242392975,0.8442209197480804,
01_LOG-REG_TF-IDF,config_141,logistic_regression,tfidf_word,"{""C"": 3.0, ""class_weight"": null, ""max_df"": 0.95, ""max_features"": 20000, ""min_df"": 5, ""ngram_range"": [1, 3], ""sublinear_tf"": true}",0.5,0.8044444444444444,0.7762008043968077,0.717948717948718,0.7841444270015698,0.8835519804586326,0.8390516125712131,
01_LOG-REG_TF-IDF,config_142,logistic_regression,tfidf_word,"{""C"": 3.0, ""class_weight"": ""balanced"", ""max_df"": 0.95, ""max_features"": 20000, ""min_df"": 5, ""ngram_range"": [1, 3], ""sublinear_tf"": true}",0.5,0.8,0.7950472741055823,0.7443181818181818,0.7900423025879231,0.8846680283855208,0.8393175885239514,
01_LOG-REG_TF-IDF,config_143,logistic_regression,tfidf_word,"{""C"": 10.0, ""class_weight"": null, ""max_df"": 0.95, ""max_features"": 20000, ""min_df"": 5, ""ngram_range"": [1, 3], ""sublinear_tf"": true}",0.5,0.7866666666666666,0.7666828107561752,0.7073170731707317,0.769742452669282,0.870306807892354,0.8253187410772534,
01_LOG-REG_TF-IDF,config_144,logistic_regression,tfidf_word,"{""C"": 10.0, ""class_weight"": ""balanced"", ""max_df"": 0.95, ""max_features"": 20000, ""min_df"": 5, ""ngram_range"": [1, 3], ""sublinear_tf"": true}",0.5,0.7822222222222223,0.7760955168565351,0.7215909090909091,0.771379396151294,0.8707700730695529,0.8255513872441015,
01_LOG-REG_TF-IDF,config_145,logistic_regression,tfidf_word,"{""C"": 0.1, ""class_weight"": null, ""max_df"": 0.95, ""max_features"": 50000, ""min_df"": 1, ""ngram_range"": [1, 1], ""sublinear_tf"": true}",0.5,0.74,0.6550253742972056,0.47533632286995514,0.6512575262798815,0.8521762934574322,0.8120304705483533,
01_LOG-REG_TF-IDF,config_146,logistic_regression,tfidf_word,"{""C"": 0.1, ""class_weight"": ""balanced"", ""max_df"": 0.95, ""max_features"": 50000, ""min_df"": 1, ""ngram_range"": [1, 1], ""sublinear_tf"": true}",0.5,0.7911111111111111,0.7655246478131779,0.7044025157232704,0.7714452441159307,0.8549348270125714,0.8147743011558931,
01_LOG-REG_TF-IDF,config_147,logistic_regression,tfidf_word,"{""C"": 1.0, ""class_weight"": null, ""max_df"": 0.95, ""max_features"": 50000, ""min_df"": 1, ""ngram_range"": [1, 1], ""sublinear_tf"": true}",0.5,0.8066666666666666,0.7673671797679462,0.7030716723549488,0.7798719152549044,0.8750447472046158,0.8410958743035382,
01_LOG-REG_TF-IDF,config_148,logistic_regression,tfidf_word,"{""C"": 1.0, ""class_weight"": ""balanced"", ""max_df"": 0.95, ""max_features"": 50000, ""min_df"": 1, ""ngram_range"": [1, 1], ""sublinear_tf"": true}",0.5,0.7955555555555556,0.7867716734401651,0.7341040462427746,0.7840195321466581,0.8760976226073406,0.8411606100741226,
01_LOG-REG_TF-IDF,config_149,logistic_regression,tfidf_word,"{""C"": 3.0, ""class_weight"": null, ""max_df"": 0.95, ""max_features"": 50000, ""min_df"": 1, ""ngram_range"": [1, 1], ""sublinear_tf"": true}",0.5,0.8022222222222222,0.7708837836130472,0.7100977198697068,0.7800067014188332,0.877340015582556,0.8422880781078923,
01_LOG-REG_TF-IDF,config_150,logistic_regression,tfidf_word,"{""C"": 3.0, ""class_weight"": ""balanced"", ""max_df"": 0.95, ""max_features"": 50000, ""min_df"": 1, ""ngram_range"": [1, 1], ""sublinear_tf"": true}",0.5,0.7822222222222223,0.771378635052328,0.7151162790697675,0.7694286431320061,0.8775927056792099,0.8410717429408812,
01_LOG-REG_TF-IDF,config_151,logistic_regression,tfidf_word,"{""C"": 10.0, ""class_weight"": null, ""max_df"": 0.95, ""max_features"": 50000, ""min_df"": 1, ""ngram_range"": [1, 1], ""sublinear_tf"": true}",0.5,0.7933333333333333,0.7696624481458865,0.7102803738317757,0.7748293060868723,0.8731074564636021,0.8372838491504629,
01_LOG-REG_TF-IDF,config_152,logistic_regression,tfidf_word,"{""C"": 10.0, ""class_weight"": ""balanced"", ""max_df"": 0.95, ""max_features"": 50000, ""min_df"": 1, ""ngram_range"": [1, 1], ""sublinear_tf"": true}",0.5,0.78,0.7719577165238265,0.7163323782234957,0.7683295284946879,0.8732969740360925,0.8365713286063037,
01_LOG-REG_TF-IDF,config_153,logistic_regression,tfidf_word,"{""C"": 0.1, ""class_weight"": null, ""max_df"": 0.95, ""max_features"": 50000, ""min_df"": 2, ""ngram_range"": [1, 1], ""sublinear_tf"": true}",0.5,0.74,0.6562045947482575,0.48,0.6533333333333333,0.8556086672703151,0.8144381078721139,
01_LOG-REG_TF-IDF,config_154,logistic_regression,tfidf_word,"{""C"": 0.1, ""class_weight"": ""balanced"", ""max_df"": 0.95, ""max_features"": 50000, ""min_df"": 2, ""ngram_range"": [1, 1], ""sublinear_tf"": true}",0.5,0.7822222222222223,0.7595864305418096,0.6975308641975309,0.763695987654321,0.85792499315631,0.816454629450057,
01_LOG-REG_TF-IDF,config_155,logistic_regression,tfidf_word,"{""C"": 1.0, ""class_weight"": null, ""max_df"": 0.95, ""max_features"": 50000, ""min_df"": 2, ""ngram_range"": [1, 1], ""sublinear_tf"": true}",0.5,0.8044444444444444,0.767946261239445,0.7046979865771812,0.7792592922919128,0.8764766577523215,0.8373985416319474,
01_LOG-REG_TF-IDF,config_156,logistic_regression,tfidf_word,"{""C"": 1.0, ""class_weight"": ""balanced"", ""max_df"": 0.95, ""max_features"": 50000, ""min_df"": 2, ""ngram_range"": [1, 1], ""sublinear_tf"": true}",0.5,0.7911111111111111,0.7808545136768514,0.7267441860465116,0.7788397189225365,0.8774874181389375,0.8377222042842439,
01_LOG-REG_TF-IDF,config_157,logistic_regression,tfidf_word,"{""C"": 3.0, ""class_weight"": null, ""max_df"": 0.95, ""max_features"": 50000, ""min_df"": 2, ""ngram_range"": [1, 1], ""sublinear_tf"": true}",0.5,0.7888888888888889,0.7590284065783655,0.6945337620578779,0.7666217197386164,0.877424245614774,0.8363781841512393,
01_LOG-REG_TF-IDF,config_158,logistic_regression,tfidf_word,"{""C"": 3.0, ""class_weight"": ""balanced"", ""max_df"": 0.95, ""max_features"": 50000, ""min_df"": 2, ""ngram_range"": [1, 1], ""sublinear_tf"": true}",0.5,0.7911111111111111,0.7820337341279033,0.7283236994219653,0.7793243045846289,0.8778243382678094,0.8359998546021172,
01_LOG-REG_TF-IDF,config_159,logistic_regression,tfidf_word,"{""C"": 10.0, ""class_weight"": null, ""max_df"": 0.95, ""max_features"": 50000, ""min_df"": 2, ""ngram_range"": [1, 1], ""sublinear_tf"": true}",0.5,0.7955555555555556,0.7773379098317506,0.7212121212121212,0.7799043062200957,0.8691486449493566,0.82665794428749,
01_LOG-REG_TF-IDF,config_160,logistic_regression,tfidf_word,"{""C"": 10.0, ""class_weight"": ""balanced"", ""max_df"": 0.95, ""max_features"": 50000, ""min_df"": 2, ""ngram_range"": [1, 1], ""sublinear_tf"": true}",0.5,0.7977777777777778,0.7920886942239256,0.7407407407407407,0.7874924104432302,0.8700541177957001,0.8269896202138303,
01_LOG-REG_TF-IDF,config_161,logistic_regression,tfidf_word,"{""C"": 0.1, ""class_weight"": null, ""max_df"": 0.95, ""max_features"": 50000, ""min_df"": 5, ""ngram_range"": [1, 1], ""sublinear_tf"": true}",0.5,0.7466666666666667,0.6650803343932279,0.5,0.6651785714285714,0.8587041209543262,0.8149366179409487,
01_LOG-REG_TF-IDF,config_162,logistic_regression,tfidf_word,"{""C"": 0.1, ""class_weight"": ""balanced"", ""max_df"": 0.95, ""max_features"": 50000, ""min_df"": 5, ""ngram_range"": [1, 1], ""sublinear_tf"": true}",0.5,0.7755555555555556,0.7577860136031502,0.6966966966966966,0.7592830926164259,0.8599465139295416,0.8160962260489993,
01_LOG-REG_TF-IDF,config_163,logistic_regression,tfidf_word,"{""C"": 1.0, ""class_weight"": null, ""max_df"": 0.95, ""max_features"": 50000, ""min_df"": 5, ""ngram_range"": [1, 1], ""sublinear_tf"": true}",0.5,0.7911111111111111,0.757270104655815,0.6907894736842105,0.7665356764394207,0.8771083829939564,0.8327945651721191,
01_LOG-REG_TF-IDF,config_164,logistic_regression,tfidf_word,"{""C"": 1.0, ""class_weight"": ""balanced"", ""max_df"": 0.95, ""max_features"": 50000, ""min_df"": 5, ""ngram_range"": [1, 1], ""sublinear_tf"": true}",0.5,0.8022222222222222,0.7956474130851355,0.7449856733524355,0.7917305862224973,0.8786666385899893,0.8335067736886453,
01_LOG-REG_TF-IDF,config_165,logistic_regression,tfidf_word,"{""C"": 3.0, ""class_weight"": null, ""max_df"": 0.95, ""max_features"": 50000, ""min_df"": 5, ""ngram_range"": [1, 1], ""sublinear_tf"": true}",0.5,0.7977777777777778,0.7708627261049927,0.7111111111111111,0.7777777777777778,0.8746446545515804,0.8280311246730526,
01_LOG-REG_TF-IDF,config_166,logistic_regression,tfidf_word,"{""C"": 3.0, ""class_weight"": ""balanced"", ""max_df"": 0.95, ""max_features"": 50000, ""min_df"": 5, ""ngram_range"": [1, 1], ""sublinear_tf"": true}",0.5,0.7933333333333333,0.792067636715871,0.7409470752089137,0.7845215967541797,0.8754869548737603,0.8278718464211902,
01_LOG-REG_TF-IDF,config_167,logistic_regression,tfidf_word,"{""C"": 10.0, ""class_weight"": null, ""max_df"": 0.95, ""max_features"": 50000, ""min_df"": 5, ""ngram_range"": [1, 1], ""sublinear_tf"": true}",0.5,0.7755555555555556,0.7601444545052538,0.7002967359050445,0.76045032177135,0.8568089452294214,0.8052718481855248,
01_LOG-REG_TF-IDF,config_168,logistic_regression,tfidf_word,"{""C"": 10.0, ""class_weight"": ""balanced"", ""max_df"": 0.95, ""max_features"": 50000, ""min_df"": 5, ""ngram_range"": [1, 1], ""sublinear_tf"": true}",0.5,0.7711111111111111,0.7707363810566658,0.7162534435261708,0.7622235560275175,0.8572300953905115,0.8039889884260024,
01_LOG-REG_TF-IDF,config_169,logistic_regression,tfidf_word,"{""C"": 0.1, ""class_weight"": null, ""max_df"": 0.95, ""max_features"": 50000, ""min_df"": 1, ""ngram_range"": [1, 2], ""sublinear_tf"": true}",0.5,0.7111111111111111,0.6165638358356672,0.38095238095238093,0.5962732919254659,0.8590199835751436,0.8181597579578599,
01_LOG-REG_TF-IDF,config_170,logistic_regression,tfidf_word,"{""C"": 0.1, ""class_weight"": ""balanced"", ""max_df"": 0.95, ""max_features"": 50000, ""min_df"": 1, ""ngram_range"": [1, 2], ""sublinear_tf"": true}",0.5,0.7977777777777778,0.7578913011434227,0.689419795221843,0.7697510837723713,0.8605361241550675,0.8199651844023498,
01_LOG-REG_TF-IDF,config_171,logistic_regression,tfidf_word,"{""C"": 1.0, ""class_weight"": null, ""max_df"": 0.95, ""max_features"": 50000, ""min_df"": 1, ""ngram_range"": [1, 2], ""sublinear_tf"": true}",0.5,0.82,0.772147234096317,0.7075812274368231,0.7887825880362285,0.880267009202131,0.8457469237188632,
01_LOG-REG_TF-IDF,config_172,logistic_regression,tfidf_word,"{""C"": 1.0, ""class_weight"": ""balanced"", ""max_df"": 0.95, ""max_features"": 50000, ""min_df"": 1, ""ngram_range"": [1, 2], ""sublinear_tf"": true}",0.5,0.8088888888888889,0.7915517277685359,0.7393939393939394,0.7942583732057416,0.8812145970645834,0.846067582919602,
01_LOG-REG_TF-IDF,config_173,logistic_regression,tfidf_word,"{""C"": 3.0, ""class_weight"": null, ""max_df"": 0.95, ""max_features"": 50000, ""min_df"": 1, ""ngram_range"": [1, 2], ""sublinear_tf"": true}",0.5,0.8133333333333334,0.7797805807660722,0.7218543046357616,0.7906930386055062,0.8850891785466108,0.850681387979839,
01_LOG-REG_TF-IDF,config_174,logistic_regression,tfidf_word,"{""C"": 3.0, ""class_weight"": ""balanced"", ""max_df"": 0.95, ""max_features"": 50000, ""min_df"": 1, ""ngram_range"": [1, 2], ""sublinear_tf"": true}",0.5,0.8066666666666666,0.79566847059319,0.7448680351906158,0.7946164862894045,0.8859525363768452,0.8509622186064648,
01_LOG-REG_TF-IDF,config_175,logistic_regression,tfidf_word,"{""C"": 10.0, ""class_weight"": null, ""max_df"": 0.95, ""max_features"": 50000, ""min_df"": 1, ""ngram_range"": [1, 2], ""sublinear_tf"": true}",0.5,0.8155555555555556,0.7921729242561435,0.7398119122257053,0.7984773846842812,0.8862262839815537,0.8527620975253262,
01_LOG-REG_TF-IDF,config_176,logistic_regression,tfidf_word,"{""C"": 10.0, ""class_weight"": ""balanced"", ""max_df"": 0.95, ""max_features"": 50000, ""min_df"": 1, ""ngram_range"": [1, 2], ""sublinear_tf"": true}",0.5,0.8066666666666666,0.79566847059319,0.7448680351906158,0.7946164862894045,0.8865000315862621,0.8527017165089811,
01_LOG-REG_TF-IDF,config_177,logistic_regression,tfidf_word,"{""C"": 0.1, ""class_weight"": null, ""max_df"": 0.95, ""max_features"": 50000, ""min_df"": 2, ""ngram_range"": [1, 2], ""sublinear_tf"": true}",0.5,0.7222222222222222,0.6313567352439513,0.4186046511627907,0.6180614496689866,0.8642422455726588,0.8255375234048064,
01_LOG-REG_TF-IDF,config_178,logistic_regression,tfidf_word,"{""C"": 0.1, ""class_weight"": ""balanced"", ""max_df"": 0.95, ""max_features"": 50000, ""min_df"": 2, ""ngram_range"": [1, 2], ""sublinear_tf"": true}",0.5,0.7977777777777778,0.7649666238497337,0.7016393442622951,0.7743490838958534,0.8661795363136726,0.8278286521239094,
01_LOG-REG_TF-IDF,config_179,logistic_regression,tfidf_word,"{""C"": 1.0, ""class_weight"": null, ""max_df"": 0.95, ""max_features"": 50000, ""min_df"": 2, ""ngram_range"": [1, 2], ""sublinear_tf"": true}",0.5,0.8155555555555556,0.769767735686159,0.7046263345195729,0.7852695485198834,0.8833624628861421,0.8472623271371985,
01_LOG-REG_TF-IDF,config_180,logistic_regression,tfidf_word,"{""C"": 1.0, ""class_weight"": ""balanced"", ""max_df"": 0.95, ""max_features"": 50000, ""min_df"": 2, ""ngram_range"": [1, 2], ""sublinear_tf"": true}",0.5,0.7933333333333333,0.779096211754301,0.7240356083086054,0.7794245537102529,0.883909958095559,0.847551908936699,
01_LOG-REG_TF-IDF,config_181,logistic_regression,tfidf_word,"{""C"": 3.0, ""class_weight"": null, ""max_df"": 0.95, ""max_features"": 50000, ""min_df"": 2, ""ngram_range"": [1, 2], ""sublinear_tf"": true}",0.5,0.8022222222222222,0.7708837836130472,0.7100977198697068,0.7800067014188332,0.8850049485143928,0.8473803465121865,
01_LOG-REG_TF-IDF,config_182,logistic_regression,tfidf_word,"{""C"": 3.0, ""class_weight"": ""balanced"", ""max_df"": 0.95, ""max_features"": 50000, ""min_df"": 2, ""ngram_range"": [1, 2], ""sublinear_tf"": true}",0.5,0.7955555555555556,0.787950893891217,0.735632183908046,0.7844827586206897,0.8860157089010086,0.8476415678624976,
01_LOG-REG_TF-IDF,config_183,logistic_regression,tfidf_word,"{""C"": 10.0, ""class_weight"": null, ""max_df"": 0.95, ""max_features"": 50000, ""min_df"": 2, ""ngram_range"": [1, 2], ""sublinear_tf"": true}",0.5,0.8066666666666666,0.7850554865337236,0.7306501547987616,0.7899351293924484,0.8799511465813135,0.8424019705456938,
01_LOG-REG_TF-IDF,config_184,logistic_regression,tfidf_word,"{""C"": 10.0, ""class_weight"": ""balanced"", ""max_df"": 0.95, ""max_features"": 50000, ""min_df"": 2, ""ngram_range"": [1, 2], ""sublinear_tf"": true}",0.5,0.7888888888888889,0.7790751542462465,0.7246376811594203,0.7767332549941246,0.8803301817262945,0.8423067587452118,
01_LOG-REG_TF-IDF,config_185,logistic_regression,tfidf_word,"{""C"": 0.1, ""class_weight"": null, ""max_df"": 0.95, ""max_features"": 50000, ""min_df"": 5, ""ngram_range"": [1, 2], ""sublinear_tf"": true}",0.5,0.7377777777777778,0.6532460148666007,0.4732142857142857,0.6493290363482671,0.8659479037250731,0.824266288499845,
01_LOG-REG_TF-IDF,config_186,logistic_regression,tfidf_word,"{""C"": 0.1, ""class_weight"": ""balanced"", ""max_df"": 0.95, ""max_features"": 50000, ""min_df"": 5, ""ngram_range"": [1, 2], ""sublinear_tf"": true}",0.5,0.7955555555555556,0.7738002484785951,0.7160493827160493,0.7781635802469136,0.867169239192234,0.8258647484645445,
01_LOG-REG_TF-IDF,config_187,logistic_regression,tfidf_word,"{""C"": 1.0, ""class_weight"": null, ""max_df"": 0.95, ""max_features"": 50000, ""min_df"": 5, ""ngram_range"": [1, 2], ""sublinear_tf"": true}",0.5,0.8133333333333334,0.7750636989618649,0.7142857142857143,0.7878359264497878,0.8842679357324854,0.8415622444706449,
01_LOG-REG_TF-IDF,config_188,logistic_regression,tfidf_word,"{""C"": 1.0, ""class_weight"": ""balanced"", ""max_df"": 0.95, ""max_features"": 50000, ""min_df"": 5, ""ngram_range"": [1, 2], ""sublinear_tf"": true}",0.5,0.8044444444444444,0.7950683316136369,0.7441860465116279,0.792956332608332,0.8856577312640822,0.8423130578997033,
01_LOG-REG_TF-IDF,config_189,logistic_regression,tfidf_word,"{""C"": 3.0, ""class_weight"": null, ""max_df"": 0.95, ""max_features"": 50000, ""min_df"": 5, ""ngram_range"": [1, 2], ""sublinear_tf"": true}",0.5,0.7977777777777778,0.769683505653941,0.7092651757188498,0.777119811028079,0.8816989197498368,0.8367892671367577,
01_LOG-REG_TF-IDF,config_190,logistic_regression,tfidf_word,"{""C"": 3.0, ""class_weight"": ""balanced"", ""max_df"": 0.95, ""max_features"": 50000, ""min_df"": 5, ""ngram_range"": [1, 2], ""sublinear_tf"": true}",0.5,0.7977777777777778,0.7920886942239256,0.7407407407407407,0.7874924104432302,0.8830044852492156,0.8373479186875146,
01_LOG-REG_TF-IDF,config_191,logistic_regression,tfidf_word,"{""C"": 10.0, ""class_weight"": null, ""max_df"": 0.95, ""max_features"": 50000, ""min_df"": 5, ""ngram_range"": [1, 2], ""sublinear_tf"": true}",0.5,0.7888888888888889,0.7696413906378319,0.7112462006079028,0.7724357097610441,0.8671060666680704,0.8215741651470613,
01_LOG-REG_TF-IDF,config_192,logistic_regression,tfidf_word,"{""C"": 10.0, ""class_weight"": ""balanced"", ""max_df"": 0.95, ""max_features"": 50000, ""min_df"": 5, ""ngram_range"": [1, 2], ""sublinear_tf"": true}",0.5,0.78,0.775495377876982,0.7211267605633803,0.7697376922082957,0.867800964433869,0.821863231501429,
01_LOG-REG_TF-IDF,config_193,logistic_regression,tfidf_word,"{""C"": 0.1, ""class_weight"": null, ""max_df"": 0.95, ""max_features"": 50000, ""min_df"": 1, ""ngram_range"": [1, 3], ""sublinear_tf"": true}",0.5,0.7066666666666667,0.6106466760723536,0.36538461538461536,0.5873165851489551,0.8617995746383373,0.8202755550657673,
01_LOG-REG_TF-IDF,config_194,logistic_regression,tfidf_word,"{""C"": 0.1, ""class_weight"": ""balanced"", ""max_df"": 0.95, ""max_features"": 50000, ""min_df"": 1, ""ngram_range"": [1, 3], ""sublinear_tf"": true}",0.5,0.8044444444444444,0.760870938533134,0.6923076923076923,0.7744926083688299,0.863189370169934,0.8217528145678437,
01_LOG-REG_TF-IDF,config_195,logistic_regression,tfidf_word,"{""C"": 1.0, ""class_weight"": null, ""max_df"": 0.95, ""max_features"": 50000, ""min_df"": 1, ""ngram_range"": [1, 3], ""sublinear_tf"": true}",0.5,0.8044444444444444,0.7514371749247194,0.674074074074074,0.7671957671957672,0.8813619996209648,0.8463102869447404,
01_LOG-REG_TF-IDF,config_196,logistic_regression,tfidf_word,"{""C"": 1.0, ""class_weight"": ""balanced"", ""max_df"": 0.95, ""max_features"": 50000, ""min_df"": 1, ""ngram_range"": [1, 3], ""sublinear_tf"": true}",0.5,0.8111111111111111,0.7945103076501927,0.743202416918429,0.7969087655769649,0.8822885299753627,0.8467650270361168,
01_LOG-REG_TF-IDF,config_197,logistic_regression,tfidf_word,"{""C"": 3.0, ""class_weight"": null, ""max_df"": 0.95, ""max_features"": 50000, ""min_df"": 1, ""ngram_range"": [1, 3], ""sublinear_tf"": true}",0.5,0.8111111111111111,0.7791804417865189,0.7213114754098361,0.7892271662763466,0.886710606666807,0.8515945409247518,
01_LOG-REG_TF-IDF,config_198,logistic_regression,tfidf_word,"{""C"": 3.0, ""class_weight"": ""balanced"", ""max_df"": 0.95, ""max_features"": 50000, ""min_df"": 1, ""ngram_range"": [1, 3], ""sublinear_tf"": true}",0.5,0.8133333333333334,0.8033649897871086,0.7543859649122807,0.8019241652518393,0.8877003095453684,0.8527926013282794,
01_LOG-REG_TF-IDF,config_199,logistic_regression,tfidf_word,"{""C"": 10.0, ""class_weight"": null, ""max_df"": 0.95, ""max_features"": 50000, ""min_df"": 1, ""ngram_range"": [1, 3], ""sublinear_tf"": true}",0.5,0.8177777777777778,0.7939522836867485,0.7421383647798742,0.800622446994748,0.8883530922950579,0.8533520048687385,
01_LOG-REG_TF-IDF,config_200,logistic_regression,tfidf_word,"{""C"": 10.0, ""class_weight"": ""balanced"", ""max_df"": 0.95, ""max_features"": 50000, ""min_df"": 1, ""ngram_range"": [1, 3], ""sublinear_tf"": true}",0.5,0.8088888888888889,0.7974478300237949,0.7470588235294118,0.7967436974789917,0.8888163574722567,0.8533228676649577,
01_LOG-REG_TF-IDF,config_201,logistic_regression,tfidf_word,"{""C"": 0.1, ""class_weight"": null, ""max_df"": 0.95, ""max_features"": 50000, ""min_df"": 2, ""ngram_range"": [1, 3], ""sublinear_tf"": true}",0.5,0.7155555555555555,0.6224809955989808,0.39622641509433965,0.6050899517332163,0.8682431721030134,0.8307039247860074,
01_LOG-REG_TF-IDF,config_202,logistic_regression,tfidf_word,"{""C"": 0.1, ""class_weight"": ""balanced"", ""max_df"": 0.95, ""max_features"": 50000, ""min_df"": 2, ""ngram_range"": [1, 3], ""sublinear_tf"": true}",0.5,0.8022222222222222,0.7638084609067364,0.6983050847457627,0.7755988233646169,0.8698224852071006,0.83247473903277,
01_LOG-REG_TF-IDF,config_203,logistic_regression,tfidf_word,"{""C"": 1.0, ""class_weight"": null, ""max_df"": 0.95, ""max_features"": 50000, ""min_df"": 2, ""ngram_range"": [1, 3], ""sublinear_tf"": true}",0.5,0.8111111111111111,0.7638505759228453,0.6953405017921147,0.7792322476754454,0.8852997536271558,0.8494706090904608,
01_LOG-REG_TF-IDF,config_204,logistic_regression,tfidf_word,"{""C"": 1.0, ""class_weight"": ""balanced"", ""max_df"": 0.95, ""max_features"": 50000, ""min_df"": 2, ""ngram_range"": [1, 3], ""sublinear_tf"": true}",0.5,0.8,0.784434290046116,0.7305389221556886,0.7857641607244874,0.8858683063446271,0.8497719256609457,
01_LOG-REG_TF-IDF,config_205,logistic_regression,tfidf_word,"{""C"": 3.0, ""class_weight"": null, ""max_df"": 0.95, ""max_features"": 50000, ""min_df"": 2, ""ngram_range"": [1, 3], ""sublinear_tf"": true}",0.5,0.8044444444444444,0.7726631430436521,0.7124183006535948,0.7821350762527233,0.8877424245614773,0.8514968262765522,
01_LOG-REG_TF-IDF,config_206,logistic_regression,tfidf_word,"{""C"": 3.0, ""class_weight"": ""balanced"", ""max_df"": 0.95, ""max_features"": 50000, ""min_df"": 2, ""ngram_range"": [1, 3], ""sublinear_tf"": true}",0.5,0.8022222222222222,0.79210975173198,0.7405247813411079,0.7903701105987406,0.8882899197708943,0.8516821095914119,
01_LOG-REG_TF-IDF,config_207,logistic_regression,tfidf_word,"{""C"": 10.0, ""class_weight"": null, ""max_df"": 0.95, ""max_features"": 50000, ""min_df"": 2, ""ngram_range"": [1, 3], ""sublinear_tf"": true}",0.5,0.8044444444444444,0.7820969066520668,0.7267080745341615,0.7872294697930323,0.8827939101686706,0.8452814861921459,
01_LOG-REG_TF-IDF,config_208,logistic_regression,tfidf_word,"{""C"": 10.0, ""class_weight"": ""balanced"", ""max_df"": 0.95, ""max_features"": 50000, ""min_df"": 2, ""ngram_range"": [1, 3], ""sublinear_tf"": true}",0.5,0.7955555555555556,0.7832340120870096,0.7294117647058823,0.782563025210084,0.8831518878055971,0.845989113165007,
01_LOG-REG_TF-IDF,config_209,logistic_regression,tfidf_word,"{""C"": 0.1, ""class_weight"": null, ""max_df"": 0.95, ""max_features"": 50000, ""min_df"": 5, ""ngram_range"": [1, 3], ""sublinear_tf"": true}",0.5,0.7377777777777778,0.6532460148666007,0.4732142857142857,0.6493290363482671,0.8685379772157763,0.8285296609477673,
01_LOG-REG_TF-IDF,config_210,logistic_regression,tfidf_word,"{""C"": 0.1, ""class_weight"": ""balanced"", ""max_df"": 0.95, ""max_features"": 50000, ""min_df"": 5, ""ngram_range"": [1, 3], ""sublinear_tf"": true}",0.5,0.8044444444444444,0.780917686201015,0.725,0.7866379310344828,0.8701594053359725,0.8300410032202405,
01_LOG-REG_TF-IDF,config_211,logistic_regression,tfidf_word,"{""C"": 1.0, ""class_weight"": null, ""max_df"": 0.95, ""max_features"": 50000, ""min_df"": 5, ""ngram_range"": [1, 3], ""sublinear_tf"": true}",0.5,0.8066666666666666,0.7685464002189981,0.7050847457627119,0.7806415464350749,0.8858261913285181,0.8436621811036928,
01_LOG-REG_TF-IDF,config_212,logistic_regression,tfidf_word,"{""C"": 1.0, ""class_weight"": ""balanced"", ""max_df"": 0.95, ""max_features"": 50000, ""min_df"": 5, ""ngram_range"": [1, 3], ""sublinear_tf"": true}",0.5,0.8044444444444444,0.7927098907115332,0.7411764705882353,0.7920168067226891,0.8869001242392975,0.8442209197480804,
01_LOG-REG_TF-IDF,config_213,logistic_regression,tfidf_word,"{""C"": 3.0, ""class_weight"": null, ""max_df"": 0.95, ""max_features"": 50000, ""min_df"": 5, ""ngram_range"": [1, 3], ""sublinear_tf"": true}",0.5,0.8044444444444444,0.7762008043968077,0.717948717948718,0.7841444270015698,0.8835519804586326,0.8390516125712131,
01_LOG-REG_TF-IDF,config_214,logistic_regression,tfidf_word,"{""C"": 3.0, ""class_weight"": ""balanced"", ""max_df"": 0.95, ""max_features"": 50000, ""min_df"": 5, ""ngram_range"": [1, 3], ""sublinear_tf"": true}",0.5,0.8,0.7950472741055823,0.7443181818181818,0.7900423025879231,0.8846680283855208,0.8393175885239514,
01_LOG-REG_TF-IDF,config_215,logistic_regression,tfidf_word,"{""C"": 10.0, ""class_weight"": null, ""max_df"": 0.95, ""max_features"": 50000, ""min_df"": 5, ""ngram_range"": [1, 3], ""sublinear_tf"": true}",0.5,0.7866666666666666,0.7666828107561752,0.7073170731707317,0.769742452669282,0.870306807892354,0.8253187410772534,
01_LOG-REG_TF-IDF,config_216,logistic_regression,tfidf_word,"{""C"": 10.0, ""class_weight"": ""balanced"", ""max_df"": 0.95, ""max_features"": 50000, ""min_df"": 5, ""ngram_range"": [1, 3], ""sublinear_tf"": true}",0.5,0.7822222222222223,0.7760955168565351,0.7215909090909091,0.771379396151294,0.8707700730695529,0.8255513872441015,
