word,coefficient
aap,-0.088621605
abandoned,-0.080811145
abduction,-0.48896463
abdullah,0.15956521
abed,0.31328128
abetting,0.32012387
abhorrent,-0.24794577
ability,-0.26791861
able,1.3338813
abolish,-0.23117783
aborting,-0.065599662
abortion,1.005635
about,-2.0356473
above,-0.40171235
abp,0.0495
absolute,-0.46792131
absurd,0.032133615
abu,0.22143061
abuse,-0.14832475
abuser,-0.35570299
abvp,0.0495
accept,-0.24406838
acceptable,-0.61507816
accepting,0.036372142
access,0.4180708
accident,-0.23276623
according,0.41242271
account,0.46670431
accounting,0.16302015
accused,0.084819513
acid,-0.0895803
across,-0.46574957
act,0.043602289
acting,-0.39686973
action,-0.33452458
actions,-0.37861541
activists,0.090263398
actually,-1.7247204
ada,0.89900873
adam,-0.12935324
adding,0.28127099
address,-0.26259354
adhere,0.92689635
administration,-0.26837172
admit,-0.24493044
admits,0.13400614
admitted,0.5902368
adult,0.21670633
adults,0.018234087
adversary,-0.18307717
afghan,-0.50976558
afghanistan,-0.73802572
afraid,0.20756454
africa,1.4750993
african,1.276863
africans,0.41088071
afro,-0.40034768
after,1.2969038
again,-0.04481709
against,0.63596943
age,-0.022127228
agencies,-0.32822278
agenda,-0.19046546
agent,0.2024614
agitation,-0.40967914
ago,-0.015256063
agree,-0.39863782
agreed,0.58331546
ahead,-0.15490753
aid,0.47019905
aint,-0.4714757
al,-0.18096984
alert,-0.24479412
algeria,0.36650833
alien,1.0679484
aliens,0.84980912
alive,-0.04710376
all,1.0811487
allah,0.97048686
allegedly,0.64146503
alliance,-0.15886562
allow,-0.055447843
allowed,0.57533178
allowing,0.43623397
allows,0.35254265
almost,0.2945799
alone,0.51982458
along,-0.79114119
already,-0.29488393
also,0.45207998
always,-1.222292
am,0.075485043
amazing,-0.5704467
america,1.2292081
american,1.0309933
americanism,0.30440883
americans,1.4324583
americansfirst,0.61841243
americansforimpeachment,-0.247811
amnesty,0.28759938
among,0.036088261
an,0.13591586
anal,0.49153715
and,-0.68250899
andrew,0.57537501
andy,-0.33131812
anger,0.08764945
angry,-0.782328
animal,-0.48424961
animals,2.1095654
anniversary,-0.73509215
annoying,-0.51066192
another,0.20887921
answer,0.29395224
answered,-0.18555994
anti,0.9613074
antifa,-0.18902133
antonio,0.25016078
anxiety,0.50833757
any,1.6380228
anybody,-0.36428746
anymore,2.0937111
anyone,-2.1945244
anything,0.39802297
anyway,-0.11336602
apart,-0.17048524
ape,0.38621741
apes,0.6303626
app,0.40007696
apparently,0.25990742
applaud,1.35905
applied,0.27016737
apply,-0.0068613716
approach,-0.34337337
approved,0.068656169
arab,1.5988862
arabia,-0.41219709
arabs,-0.32731658
are,4.0201525
area,-0.1921472
areas,-0.61833986
arent,-0.19671822
ari,-0.22742208
armed,0.64539789
army,-0.3816584
around,-1.008423
arrest,-0.53324339
arrested,0.83477934
article,-0.40827629
artist,-0.20420875
as,-0.53172574
asap,-0.42616599
asia,-1.0235794
asian,1.8735165
asians,1.4055174
aside,0.16952257
ask,-0.35365442
asked,-1.0829062
asking,0.079958033
aspect,-0.012747324
ass,-2.6514022
assad,0.051218813
assam,0.39957141
assassinated,0.86729265
assault,-0.11144993
assaulted,-0.37995151
asshole,0.30916164
asylum,1.0096746
at,-1.5245986
ate,0.30633947
attack,1.9181171
attacked,-0.21187722
attackers,-0.24330346
attacking,0.68989317
attacks,-0.31624209
attempt,-0.37222582
attempted,0.70043414
attempting,0.10045861
attention,-0.84629367
attitude,0.17139463
aunt,-0.76482898
aur,0.022748876
aussie,0.17661154
australia,0.36248273
authoritarian,-0.18493461
authorities,-0.58715018
available,-0.12756354
average,-0.055006931
avoid,0.060632818
aware,0.45481483
away,-0.34566704
ayo,0.57140102
babies,0.12146705
baby,-1.3474971
back,-1.0235565
backhand,-0.35780196
backwards,-1.0728727
bad,-0.49177407
bag,0.48035498
baggage,-0.16766395
baldwin,-0.32359083
balls,-0.37582661
ban,-0.16701203
band,0.089078558
banerjee,0.84120385
bangladesh,0.18953836
bank,-0.13494022
banned,0.020175122
barbaric,-0.18361999
bark,-0.28188327
barking,-0.34635857
barren,-0.41984004
base,0.32529496
based,-1.6164923
bashing,-0.38733015
basic,-0.21602196
basically,-0.0098969303
bastard,0.00060248024
bastards,-0.17640681
be,-0.55045377
beaming,0.28484945
beaner,1.0029269
beast,-0.39731991
beat,0.68420204
beating,0.81332753
beautiful,-1.0840588
beauty,-0.14371274
became,-0.14759309
because,0.26784491
become,-0.36248702
bed,-0.4442199
beef,-0.16483181
beekeeping,0.091302701
been,0.19580041
bees,0.091302701
before,0.0029935035
begin,-0.65845779
behaving,-0.077247909
behavior,0.37224794
behead,0.91301262
behind,-0.9005648
being,0.5617499
belgium,-0.44468964
believe,1.0799408
believes,-0.19266139
belong,0.20379992
belt,-0.17168752
benedict,-0.25507976
bengal,-0.95423084
bengali,0.28635493
benghazi,-0.62225318
bent,-0.011888464
berkeley,0.90017584
best,0.3214758
bestiality,0.31159777
bet,-0.40851923
beta,-0.29144548
betrayal,0.42599629
betrayed,-0.43161683
better,-1.4257489
between,1.4890502
bhi,1.2588625
bible,-0.16213214
biden,1.0042328
big,1.0890752
bigger,0.38531554
biggest,-0.6713897
bigot,-0.23423088
bill,-0.29097983
bin,0.67099282
bird,-0.75663074
birds,-1.0687777
birthday,-0.56352725
bit,-0.50308166
bitch,-5.6902873
bitches,0.3596307
bitchesaredogs,-0.046478937
bjp,-0.51223265
bk,-0.044468228
black,1.5246874
blackballed,-0.044144068
blackface,-0.17749293
blackheads,-0.2125742
blackout,0.36091362
blacks,1.5688003
blades,-0.31957134
blah,1.3096599
blair,0.35975082
blame,0.36926223
blaming,-0.32640847
blankets,-0.10383046
blast,-0.067317749
blasting,-0.055988015
bleed,0.40602567
bleeding,0.1294946
blended,-0.1128459
bless,0.34868847
blew,0.041294173
blind,-0.00050427578
block,-0.34646565
blocked,-0.25263493
blocking,-0.076732437
blocks,-0.088254155
bloggers,0.25967386
blogging,0.15336756
blond,0.15336756
blonde,-0.076784978
blood,0.061358341
bloodline,0.37317495
bloodonyourhands,-0.059788891
bloods,-0.10157277
bloodshed,-0.22120658
bloody,0.42010425
blow,0.81188588
blowing,-0.4484342
blowjob,-0.070527211
blown,-0.12994316
blows,0.3839708
blue,-0.40254952
bnp,-0.43238253
board,-0.42353278
boats,0.23447682
bob,0.32437577
bobbie,-0.47688811
bobo,0.1294946
bobwoolmer,-0.27289933
bodied,-0.11496226
body,0.29209551
bodyguard,-0.074773987
bogus,-0.077863956
boils,-0.093383191
bojo,0.41537513
boko,-0.30524816
boldandbeautiful,-0.15961982
bolt,0.18623485
bomb,1.4730223
bombed,1.2090904
bomber,0.31328128
bombers,-0.19757727
bombing,0.31328128
bombings,-0.50098095
bombs,0.09519507
bone,-0.12846818
bong,1.0807409
bonnie,-0.075221219
boobs,-0.13474662
book,1.0767942
booker,-0.47195372
booking,0.6211285
bookswithalettermissing,-0.15972308
boom,-0.11124341
boomer,-0.071488596
booster,-0.19416582
booths,0.25837641
booty,-0.21816354
bopping,-0.063852489
border,0.47299336
borders,0.59000623
bore,-0.10453695
bored,-0.097533086
borg,0.25967386
boring,-0.17830752
boris,0.50597991
borisjohnsonshouldnotbepm,-0.77476515
borisorbust,-0.13275459
born,0.91865241
bosnia,-0.26264086
bosnian,-0.26264086
boss,0.072944384
boston,0.49506566
both,-0.74234001
bother,0.56383179
bottom,0.43079865
bounce,-0.18166524
boundaries,-0.097981559
bounty,0.60273933
bows,-0.29366476
box,0.13076632
boxer,-0.17391366
boxes,-0.067317749
boy,-0.91313463
boycott,-1.0115488
boycottchinaflag,-0.19860862
boycotting,-0.26414499
boycottlevis,-0.17485035
boyfriend,-0.029430194
boys,2.066212
bozo,-0.21140973
bpd,-0.32311334
bra,-1.0127921
brad,0.15336756
brahmincal,0.2904002
braids,-0.3085841
brain,-0.22635246
braingainnewzealand,-0.27883695
brainless,0.2564089
brains,0.27555224
brainwashed,0.19207701
bread,-0.030269685
break,-0.14186352
breaking,-0.12217638
breaks,-0.36341741
breast,-0.28718204
breath,-0.30386285
breathes,0.66865093
bred,-0.29366476
breed,-0.16108665
breeding,0.087572659
breeds,0.5489835
breezy,-0.14186352
breitbart,0.83629518
brendantevlin,0.51462807
brentwood,-0.11537477
brethren,0.19207701
brexit,0.42041088
brexitshambles,-0.43238253
bri,-0.19042176
bribed,-0.10156894
bribery,-0.056358831
bribing,-0.056358831
bridge,-0.087715967
brilliant,-0.69851278
bring,0.21465066
bringbackhangingfortreason,-0.16934893
bringing,-0.14132768
brit,-0.11512465
british,1.9857202
bro,-0.087422473
broadcasting,-0.14842126
brock,0.36598016
broke,-0.60048579
broken,-0.25794904
bronco,-0.14842126
brooke,-0.41042363
brother,0.14873792
brotherhood,0.49506566
brothers,-0.40453529
brought,0.016609039
brown,1.4336933
brownie,0.75557594
brownies,0.61365426
bruises,0.1294946
brutal,-0.1950578
brutally,0.55229866
bryant,0.1294946
btw,-0.51128516
bubonic,-0.18536141
bucket,-0.23759515
bucking,-0.071488596
bud,-0.27057069
buddha,-0.12153682
buddies,0.48019949
bugger,0.39170997
build,-0.19235068
builders,1.6776576
building,0.32659278
builds,-0.16204249
buildthatwall,0.78183835
buildthewall,1.9180609
buildthewallnow,0.36261313
built,0.2338058
bukhara,-0.24688663
bull,0.53958057
bullets,-0.18137512
bullied,-0.13246881
bullshit,-0.5170491
bully,-0.18371788
bum,-0.18139971
bummer,-0.17651288
bunch,1.0483991
bunt,-0.15428414
burn,2.3582163
burned,0.25732802
burning,-0.12054281
bury,0.31318173
bus,-0.26494634
bush,0.3474162
business,0.54659023
bust,-0.51881582
busy,-0.083374354
but,-1.499072
butch,-0.1706196
butcher,-0.12926668
butchery,0.32400884
butt,0.10244207
buy,-0.20056194
buying,-0.14561211
by,0.28833705
bycottzomato,-0.2011869
bye,0.69182285
bypass,-0.20930376
cab,-0.37761521
cache,-0.29718023
cadet,-0.12846818
cadetbonespurs,-0.13063739
cadets,-0.37683111
cage,-0.16488652
cain,-0.10149626
cake,-0.37421618
cakes,-0.22913076
calculated,-0.14621375
cali,-0.2016242
california,0.23718176
caliphate,1.2400819
call,-1.6871811
called,-0.92271101
caller,-0.069141798
calling,0.067622923
calls,-0.32144744
calm,-0.37260527
came,-0.56351393
camels,-1.4416119
camera,-0.31175963
camila,-0.18137512
camp,-0.33677607
campaign,-0.068400713
campaigns,0.25304566
camps,-0.27452777
campus,0.15336756
can,-1.1431182
canada,0.33807757
canadahotels,0.30729465
canadians,-0.52195822
cancel,0.21314988
canceljewishpeople,0.20187415
cancels,-0.30752092
cancer,0.73433837
candidate,0.15336756
candy,-0.31950282
cannibals,0.2616574
cannoli,-0.5862215
cannot,-0.15555325
cant,-0.28208643
cap,-0.10453695
capital,-0.038676193
capitol,0.62311821
capos,-0.22829974
caption,-0.13349199
captivity,-0.33035589
capture,0.032123446
captured,0.23679521
car,0.23484114
cardi,-0.070690145
cards,-0.16931497
care,-1.0249465
careful,-0.11246835
careless,0.39562061
cares,-0.52546682
caribbean,-0.11888752
carmen,-0.27284203
carolina,-0.20582669
carried,0.1294946
carry,-1.1282657
carrying,0.092370368
cars,-0.45915576
cartman,-0.15827436
case,0.031291925
cases,0.44246432
cash,-0.10274199
cashier,-0.19015821
casket,0.1294946
cast,-0.18137512
casual,-0.11458415
cat,0.62064173
catch,-0.72229178
catches,0.52634359
category,-0.27645776
catfish,0.59337647
catfishing,-0.1257178
cathy,-0.54997755
caucasians,0.11066616
caucasoid,0.18403466
cause,-0.13049058
causing,-0.15136769
cavalcade,-0.3018864
cave,0.24834381
ccountingcake,-0.2299331
cctv,-0.27266532
cdu,-0.2891094
ceasefire,0.40279663
celebrate,-0.27883695
celebratory,-0.12615993
celebrities,0.54613257
cell,-0.14501518
cellphone,-0.17391366
cells,-0.27790336
censorship,-0.16831625
centaurus,-0.52060276
center,0.090909752
centertwice,-0.17250478
centralparkfive,-0.19837996
cents,-0.020700328
ceremonies,0.62044105
certainly,0.040710139
certified,-0.18764949
chain,0.076596594
chainsaw,0.41219786
chairman,-0.40686239
chameleon,-0.17785945
champagne,-0.090360154
chance,0.31506832
chances,-0.25303906
chandrakant,0.24102496
chang,-1.0087574
change,-0.99124521
changed,0.23940853
changes,0.35555828
channel,0.22048616
channing,-0.27665379
chant,-0.13246881
chanting,0.045671326
chaos,0.58092046
chapo,-0.14037214
character,-0.12660336
characters,0.26647552
charge,0.25021693
charged,0.45438404
charges,-0.42736166
charismatic,-0.23258417
charlie,-1.0547193
charlotte,-0.070758646
charming,-0.090797928
charred,0.37011782
chat,-0.47263632
chatter,-0.21349103
chauffeur,-0.081772643
cheaplabour,0.30564829
cheat,-0.13832937
cheated,-0.39883575
cheater,-0.16307321
cheating,-0.20338124
cheats,-0.4812959
check,0.39895634
checking,-0.14358716
checks,-0.37039025
cheeky,-0.092836097
cheering,0.47090398
cheers,0.39170997
cheersclinking,-0.15769106
cheese,-0.53956806
chelsea,-0.12753703
chemnitz,0.20655167
chemo,0.55159213
chest,-0.32311334
chewing,-0.249663
chic,-0.14703885
chicago,-0.035823705
chick,0.30432587
chicken,-0.14504018
chiefs,-0.20180569
child,0.027658624
childbirth,-0.11528788
childish,-0.49103949
childrapecase,-0.27311621
children,2.3569271
childsextrafficking,-0.044958044
chillin,0.50348567
chilling,-0.14654773
chimpanzee,-0.14372321
chimps,0.77960549
china,-1.071088
chinese,1.7749008
ching,0.95397495
chink,0.20121143
chinks,1.4769611
chipping,0.77960549
chiral,-0.158218
chis,-0.098124891
chloe,0.56154461
cho,-0.18564839
choice,0.87223493
choices,-0.13944553
choke,0.51609299
chong,0.89334572
chongs,0.68084612
choose,-0.47175398
choosing,-0.36760667
chop,0.77933713
chops,-0.12961788
chosen,-0.17382035
chow,-0.12920289
chris,0.32488647
christian,1.654122
christians,-0.39470052
christopher,-0.27266532
chuck,0.610955
chuckled,-0.081702837
church,0.026104882
churches,-0.3448906
cia,0.44866095
cigar,-0.18589923
circle,-0.33038059
circulating,-0.46668924
circumcision,-0.31883872
circus,-0.098960489
cite,-0.81734163
cities,-0.18320476
citizen,0.24969403
citizens,0.58603596
citizenship,-0.26714373
city,0.098669036
civil,0.030901147
civilians,-0.28433774
civilized,0.13097567
ck,0.73646603
claim,-0.12527175
claimed,-0.4126111
claiming,-0.075690912
claire,-0.13878733
clap,-0.26637047
clapping,-0.28979598
claps,0.4767284
clarified,0.26002138
clash,0.3701113
class,0.22261304
classes,-0.033109328
classified,-0.077863956
classy,-0.14773762
clause,0.31056452
clean,1.1848271
cleaner,-0.14561211
cleansing,-0.50428298
clear,-0.3472565
clearly,0.39586998
cleats,-0.14651047
clenched,-0.069673892
clergy,0.26214358
clerics,0.50647718
cleveland,-0.069319315
cliff,0.43266839
clinton,-0.10963918
clit,-0.19792892
clock,-0.096505182
clone,-0.11319245
close,0.51694626
closed,-0.44475283
closet,-0.097687197
closetheborders,0.16555356
closethecampschina,-0.22001553
clothe,-0.18064038
clothes,-0.29368796
clothing,-0.1240202
clout,-0.5512222
clowned,-0.12231701
clownish,-0.14792694
club,-0.53460614
cnn,-0.16077036
co,-0.18930888
coach,-0.27289933
coast,0.1760488
coat,-0.16465436
cock,-0.36900592
cocked,-0.067397254
cockneys,-0.18362958
cockroach,1.179259
cockroaches,0.099084297
cocksucker,-0.43487158
cocksucking,-0.14014881
cod,-0.15644544
code,-0.16478778
coexistence,-0.38591315
coffee,-0.16542584
coke,-0.11822698
cold,-0.13842145
collateral,-0.25303906
colleagues,-0.38684917
college,0.25504273
colleges,-0.23431554
collide,-0.099025034
colluded,-0.10149626
collusion,0.15209239
colonial,-0.27289933
colonies,0.42830397
color,0.12933057
colorado,-0.43662118
coloreds,-0.22515243
colors,-0.23079751
combat,0.35343102
combatants,-0.18141973
combo,-0.088986471
come,0.9168537
comedy,-0.36497735
comes,-0.65758794
comfortable,-0.1211402
coming,0.76665401
commanding,-0.12818876
commence,0.35343102
comment,-0.75131873
commented,-0.16478778
comments,0.43877046
commit,0.4711333
commits,-0.17712858
committed,0.78401859
common,-0.44218934
communication,-0.23563065
communism,0.31194136
communists,0.2330703
communities,-0.23117783
community,-0.26844086
comp,-0.28429909
company,-0.23172679
compare,0.24537025
compatible,-0.12460084
compensation,0.23447682
complain,-0.28063308
complained,-0.11910658
complaining,-0.23490374
complete,0.63826101
completely,0.34945458
complicityremigration,0.34707834
comprising,-0.13246881
compromise,0.44209971
computer,1.4925319
comunists,0.32673876
con,0.21777414
concealed,-0.14955264
conceived,-0.078319076
concentrate,-0.042694949
concentration,-0.28028824
concepts,-0.32847282
concern,-0.075089203
concerned,-0.42066941
condemn,-0.88829266
condemning,0.071338279
condemns,0.26146173
conditions,-0.12035472
condom,-0.17391366
condone,-0.15332408
condoning,0.19661655
confederate,-0.18064038
conference,0.44836257
confess,-0.090991858
confessed,-0.21095325
confessions,-0.14358716
confirm,-0.16465436
confirmed,1.0142142
confirmjudgekavanaugh,0.55427489
confusing,-0.069141798
cong,-0.25767714
congratulations,0.12040916
congress,0.25239939
congressman,0.31902524
congresswomen,-0.088254155
connection,-0.57594301
connor,-0.056776808
conscience,-0.17362302
consensual,-0.11528788
consequences,0.52634359
conservatism,0.15336756
conservative,0.67481977
conservatives,0.37408921
considered,-0.11621225
considering,0.40238194
conspiracy,0.48462135
conspirators,-0.18930888
constant,0.35343102
constitution,-0.12076864
constitutional,-0.22120658
construction,-0.18620951
consume,0.17916692
consumed,0.23629188
contact,0.092370368
contacts,0.18403466
contemplating,0.21604414
contempt,-0.18589923
content,0.12879941
contest,-0.326098
continent,0.29596791
continue,-0.38364484
continued,-0.080121518
continues,0.40576412
contrast,-0.13525946
control,-0.72626339
controversy,-0.0066312975
conversation,-0.65490944
convict,-0.13251231
convicted,-0.62160162
conviction,-0.30240964
convince,-0.042765711
conway,-0.11718683
cook,-0.081970036
cooker,-0.14358716
cool,0.83279383
coons,0.85451666
coordinator,0.24376053
cop,0.25466586
coppers,-0.48257727
cops,-0.017344426
coptic,-0.39378099
copying,-0.3085841
corbyn,0.35975082
corker,-0.14593297
cormacs,-0.2125742
corn,-0.24110591
corner,-0.5282416
corpse,-0.086672779
correct,0.24497927
correcting,-0.091282285
corrie,-0.14358716
corrupt,0.10376677
corruption,-0.41382512
corruptiongobewildinthewh,-0.13443499
cory,-0.13544121
cost,-0.43544814
costs,0.17889545
costume,-0.073658552
could,1.1111725
couldnt,-0.38498182
count,-0.26073597
counter,0.58258894
counterargument,-0.13682249
counterprotesters,0.21990264
countries,2.2370503
country,1.2694311
county,-0.37730683
couple,-0.42768942
couples,-0.42089367
course,-0.08680106
court,-0.34429486
cousin,0.054715328
cover,0.5801319
coverage,-0.22081356
covered,-0.18734424
covering,-0.67797412
covert,0.31506832
cow,0.61440588
cowardincheif,-0.13063739
cowards,-0.10204209
coworkers,-0.10050901
coyotes,-2.577552
cpc,-0.24771011
cpr,-0.25971693
cps,-0.063247064
crab,-0.17785945
crack,-0.24737256
cracked,-0.11101353
cracker,-0.41875315
crackers,-0.41473346
craig,-0.33160773
crannies,1.351817
cranston,-0.13594201
crap,1.0897216
crawling,-0.39197529
crayons,-0.042698826
crazy,-0.198013
cream,-0.15418977
create,0.42377661
created,0.59586715
creating,0.52562809
creature,0.27070531
credit,-0.36329822
cretin,-0.28433774
crew,-0.07800093
crib,-0.030269685
cricket,-0.19259872
crime,-0.54229912
crimes,0.64065756
criminal,-0.57721124
criminalinchief,-0.13122525
criminality,0.4055577
criminals,0.1656414
crippled,0.52908685
crisis,0.2299428
crispy,-0.249663
criticizing,-0.061152607
croatian,-0.22081356
crooked,-0.26559747
crooks,-0.13427439
cropland,-0.099025034
cross,0.29145561
crossed,0.19270628
crossing,0.60602171
crossings,-0.35842062
crowbar,-0.15769106
crowd,0.39794961
crowded,-0.26714373
cruel,-0.2011869
cruelty,-0.13111732
cruise,0.6211285
crumbles,-0.13890138
crush,-0.24914457
crux,-0.28429909
cry,0.030326571
crying,0.10718781
cuba,-0.1661743
cuban,-0.12460084
cuckolds,-0.071488596
cuddle,-0.45047348
cuf,-0.057293924
cuff,-0.2031381
culprits,0.085914749
cult,0.79727847
cultural,-0.14350157
culture,1.806198
cultures,-0.11504237
cum,0.47169963
cunnilingus,0.18403466
cunt,-1.9673184
cunts,-0.27528274
cup,-0.33602857
cupcake,-0.16478778
curb,-0.46817776
cure,-0.45011911
cures,0.19734961
curiosity,-0.38733015
curious,-0.074773987
current,0.70292308
curry,0.21105116
curtailing,-0.20930376
custody,0.27008917
customer,-0.26645166
customs,0.29891295
cut,-0.064129923
cute,-0.42959379
cuts,0.1294946
cutting,-0.39045574
cyclists,-0.3494155
daca,1.746772
dacha,-0.13334883
dad,-0.42284728
daft,-0.57938807
daily,-0.053895155
dak,-0.30386285
dam,-0.48624147
damage,-0.46605312
damaged,-0.3448906
damn,-0.88773451
dan,-0.15794304
dancer,0.57498258
dancing,0.38552854
dancingwoman,-0.16875258
danger,0.22641086
dangerous,-0.45004216
dare,-0.17684727
darfur,0.39528889
dark,-0.59259335
darkie,-0.038816663
darkys,0.35372153
dat,-0.17795613
database,-0.16755467
date,0.084542942
dated,-0.235067
dates,0.15336756
dating,1.0034435
daughter,1.3862876
daughters,0.31009184
dave,-0.18163844
david,-0.01586345
davis,-0.41767433
dawgg,-0.087065601
dawn,-0.24771011
day,-1.3880227
dayana,-0.17382035
daylights,-0.26073597
days,-0.18117866
dc,0.31559615
dd,-0.83718672
dea,-0.12994316
dead,0.75131343
deadly,0.14021018
deal,-0.35921856
dealing,0.092370368
deals,-0.33056585
dealt,0.66844406
dean,0.24376053
dear,-0.29309559
death,1.0193385
deathwatch,-0.052222737
debate,-0.69280387
debit,-0.090991858
debt,-0.35314267
debunking,0.18577143
decade,0.81286462
deceitful,-0.073569715
decent,-0.087900728
decide,0.27080425
decided,-0.095078984
decides,-0.1600273
deciding,-0.11844164
decision,0.07329332
decisive,-0.39629852
declaration,-0.31787163
declare,-0.097352316
decry,0.091302701
deem,0.12027072
deep,0.076062213
deeper,0.15336756
deeply,-0.31582902
defeat,-0.19259872
defend,0.29220294
defended,0.1294946
defendeurope,0.46257597
defending,-0.21307102
defends,-0.31030135
defense,-0.091540943
defined,-0.22081356
definitely,-0.087497375
definition,0.31294585
defund,-0.17640681
degenerate,-0.43827116
degenerates,0.14400608
degree,0.37331517
degrees,-0.16660948
deicing,-0.2891094
del,-0.096763265
delaying,-0.13251231
delete,-0.065364819
delhi,0.3595044
deliberate,-0.28433774
delicious,-0.22913076
delight,-0.21760959
deliver,-0.24499254
deluded,-0.18642536
delusional,-0.31377446
delusions,-0.23505633
dem,-0.22515243
demagoguery,-0.13594201
demand,0.26146173
demanded,-0.071728699
demands,-0.11584836
dementeddonald,-0.10783872
dementedinchief,-0.23258417
democracy,0.22331729
democrat,0.63977674
democratic,0.4617464
democrats,-0.13652952
demographic,0.35555828
demographics,-0.23573319
demons,0.74438947
demonstrate,0.14292936
demonstrators,0.20655167
dems,-0.28339222
den,-0.20379629
denial,-0.17953285
denmark,0.35418037
denounce,-0.27613962
dense,-0.18536141
density,-0.18536141
denying,0.26749179
departure,-0.14810202
depend,-0.19042176
depends,0.63433531
deplorable,0.16301281
deploy,-0.1862667
deport,2.3375282
deportafricanfreeloaders,0.47900801
deportafricanmigrants,0.47900801
deportafricanrefugees,0.47900801
deportation,-0.5538392
deportationsequalpublicsafety,0.752139
deported,0.70650259
deportillegalfamiliestogether,-0.4813909
deportmuslimfreeloaders,0.47900801
deportmuslimmigrants,0.47900801
deportthemall,2.315508
deportthemigrants,0.41654335
depot,0.7975641
depraved,0.13324486
depressed,-0.45709623
depression,-0.20582699
deputy,-0.43238253
derangeddonald,-0.55716318
derogate,-0.28546772
descendants,0.2904002
described,0.45831576
description,-0.13525946
dese,-0.158218
desert,-0.29008111
deserve,0.37430409
deserved,-0.28334722
deserves,-0.39507016
designated,-0.41166973
desire,-0.22461245
desires,0.15336756
desk,-0.16226444
desolation,-0.16386344
despicable,0.056273888
despise,-0.45530747
despite,0.16302015
destabilized,-0.10447942
destroy,-0.30084498
destroyed,-0.097619421
destroying,0.71120526
destroys,-0.13387995
destruction,0.11759573
detached,-0.074773987
details,0.12999415
detain,0.2451947
detained,-0.096565677
detector,-0.11111369
detention,-0.24747067
determination,-0.040941104
determine,-0.18085888
detroit,0.3068872
devastation,0.091302701
develop,-0.11504237
devil,0.35747481
devoured,1.0156862
devout,-0.39378099
dhaka,-0.41416245
dharma,-0.10453695
dhikkar,0.18623485
dhonikeepbalidaanbadgeglove,-0.097687197
dhonikeepstheglove,-0.56046319
dhonikeeptheglove,0.47999548
dhonikesaathdesh,-0.097687197
dhoti,-0.097687197
dhow,-0.034969341
dhs,0.33582353
diam,-0.12510158
diaper,0.37317495
dick,-0.46983214
dickey,-0.12054928
dickhead,0.15175676
dickheads,0.43131905
dicks,0.15487802
dictator,-0.2098001
dictionary,-0.50690692
did,-1.6878588
didi,-0.18764949
didn,-0.086549524
didnt,0.39040824
die,1.4263364
died,0.56709381
diego,-0.2406579
dies,-0.13715827
difference,0.5779198
different,-0.1534881
differentiate,0.79168057
differently,-0.074773987
difficult,-0.22205716
dig,-0.19948657
diggers,-0.20848594
dignity,0.11008086
dime,-0.30363802
diminish,-0.17923571
dinner,-0.34660738
diplomat,0.44728357
direct,-0.29138522
directly,0.12020949
dirt,-0.041038744
dirty,0.65332159
dirtying,-0.14810202
disabled,0.61826912
disagree,0.14794298
disagreed,-0.09537274
disarm,-0.14955264
disaster,0.26860844
discount,-1.0450133
discredit,-0.14338054
discuss,-0.089623236
discussing,0.042526005
discussion,0.18116169
disease,-0.18874143
disgrace,0.30579877
disgraceful,-0.31193305
disguise,0.1760488
disgust,0.40635709
disgusted,-0.21140973
disgusting,-0.052580326
dishonest,-0.32769477
dislike,0.35254265
disliking,-0.20691967
disloyal,-0.056447386
disobeying,0.14292936
disobeys,0.30814843
disorder,-0.27493207
disowned,0.23447682
dispel,-0.31582902
dispicable,-0.13063739
displaced,-0.12460084
display,-0.27737611
disposed,0.39387442
disrespecting,-0.13063739
dissed,-0.034152587
distinction,0.18403466
distinguish,-0.2231072
distraction,-0.26161751
disturbs,-0.074773987
ditchmitch,-0.22152594
diversion,-0.3647119
diversity,0.36825323
diversityisourstrength,0.21019043
divert,-0.45117194
divided,-0.18064038
division,-0.19330636
divisive,-0.098748279
dizzy,0.14292936
dj,-0.067397254
dna,0.4184711
do,0.19455468
doc,-0.16634187
doctor,-0.075707199
doctors,-0.74120043
doctorsunderoppression,0.31091978
documenting,-0.046017495
dodger,-0.30617088
does,0.024378323
doesn,0.75355027
dog,-0.46262875
doggy,-0.10912407
dogs,-0.022755362
doguturkistandazulumvar,-0.22001553
dogwhoreowner,-0.1297714
doing,-1.0451843
doj,-0.0071851169
doll,-0.271098
dollars,-0.55768836
dolores,-0.28546772
domain,0.42532992
domestic,-0.59381398
domesticated,0.091302701
domicile,1.2546357
dominated,0.090446451
don,-0.42823578
donald,1.0578043
donation,-0.17485035
done,0.39311543
dongs,-0.11167239
dont,-0.42931484
door,-0.46030069
doors,-0.32936137
doreen,-0.29368796
dorms,0.15336756
dos,-0.37343035
dossier,-0.11512465
dot,0.3115653
double,-0.6621935
doubles,-0.092590481
doubt,0.25671615
doubts,-0.094133109
douche,0.5181177
douchebag,0.60016047
douchebags,-0.11940716
dove,-0.23759515
down,-0.57946016
downgraded,-0.091829911
downplaying,-0.10156894
doyourjob,-0.45038192
doyourjobmitch,-0.2473972
dozen,0.17533504
dracula,0.89210562
draft,-0.30617088
draftdodgersayswhat,-0.18064038
drag,-0.15408804
dragged,-0.098124891
dragon,0.26498637
drain,0.50715523
draintheswamp,-0.025686552
dream,-0.090797928
dreamboat,0.15336756
dreamer,0.53742849
dreamers,0.18674089
dreaming,-0.34462995
dreams,-0.48853514
dressed,-0.18623892
drifter,-0.10783872
drink,-0.33948937
drinking,-0.2804908
dripped,-0.069673892
drive,-0.18702548
drivebymedia,-0.16077036
driver,-0.56568947
driving,-0.065191273
drones,0.36206503
drop,-0.51025892
dropped,0.030323966
drops,-0.53416775
drove,-0.3494155
drown,-0.05973334
drowns,-0.31633519
drug,0.14729505
drugs,0.12227034
drummed,-0.16386344
drums,0.3437907
drunk,-0.0012615634
du,-0.20930376
dual,-0.097352316
dub,0.63433531
duck,-0.12510158
dude,-0.38214964
dudes,0.29768111
duh,-0.22133378
dumb,-0.71993602
dumbass,0.31318173
dumbest,0.72848959
dummy,-0.16928062
dump,-0.4835024
dumped,-0.065908488
dunking,-0.22565833
duplicitous,-0.18486447
durgamandir,0.43867639
during,0.023994973
dust,-0.1257178
duty,-0.31741136
dwarf,-0.143284
dwindling,-0.13275459
dying,-0.75235895
dyke,-0.075042188
dykes,0.18843377
dylan,-0.19677073
each,0.43194707
earlier,-0.046017495
early,0.097114025
ears,-0.039978765
earth,0.11436581
easier,-0.13723979
easily,-0.61519414
east,0.010756554
eastern,0.20961037
eastturkistan,-0.21884799
easy,0.6811179
eat,-0.40308403
eaters,0.50040551
eating,-0.66602637
ebola,0.54699712
ec,-0.28959303
ecofeminists,0.38772493
ecological,0.091302701
economic,-0.15147082
economics,-0.05103887
economy,-0.8395363
ecosystem,-0.09895814
eddiegallagher,-0.2406579
edge,-0.097162014
edict,-0.19860862
edited,-0.088986471
eduardo,-0.091540943
educatedindia,0.43986103
educating,0.054969648
education,-0.018453306
eff,-0.10974264
effective,-0.85349346
effort,-0.18336233
eg,-0.22950807
egos,-0.055988015
egotistical,-0.034152587
egypt,-0.59733687
egyptians,0.8133844
eight,-0.66671803
einstein,0.44992448
either,-0.041501681
ek,0.18623485
elaborate,0.23447682
elderly,-0.21840653
elect,0.029431323
elected,-0.35320472
election,-1.0286588
elections,0.15812765
electrify,0.76983437
element,-0.38865546
eli,-0.1573468
elimination,0.48573351
elitist,-0.14593297
ellison,-0.13544121
else,-0.69857106
em,0.60970381
email,-0.13287584
emailed,-0.056100214
emails,-0.16831625
embarrassment,-0.3929942
embarrassments,-0.08386157
emboldened,-0.16634187
embolism,0.39983245
embrace,0.29891295
eminem,-0.11496226
eminent,0.42358968
emm,-0.36214915
emmanuel,0.25339566
emoluments,0.31056452
emotional,-0.17668428
empire,-0.50690692
employed,-0.040941104
employee,-0.040941104
employees,0.14329707
employers,0.25837641
empty,-0.36185468
en,-0.28429909
encounter,0.24279413
encounters,0.15336756
encourage,1.6341417
encouragement,0.86281464
encroached,0.35555828
encroachment,-0.52168422
encroachments,-0.20655354
end,-0.34441589
endanger,0.32012387
endangered,-0.16274486
endbirthrightcitizenshipforillegalaliens,0.40716415
endchainmigration,0.22476179
ended,-0.13575829
endemic,-0.18536141
endenforceddisappearances,-0.17469403
ending,0.41610714
endless,-0.34452097
endlotteryvisas,0.24247489
endorse,2.2729991
endorsement,-0.32091313
endorsing,0.19661655
ends,-0.47641428
endsanctuarycities,-0.4813909
enemy,0.05891777
enemyofamerica,-0.09409698
enemyoftheconstitution,-0.09409698
enemyofthepeople,0.16220004
enemyofthestate,-0.09409698
enforcement,-0.28878098
enforceuslaws,0.46698022
engage,0.24872404
engaged,0.19661655
engagement,-0.15057365
england,0.26792858
english,0.44135514
enjoying,-0.26714373
enough,0.017570153
enrages,-0.18734424
enriched,-0.39110202
enter,0.10285457
entered,0.73861683
entering,0.64690822
entire,-0.72736637
entitled,-0.20116937
entitlement,-0.21140973
envelopes,-0.59286983
envious,0.52015345
environmentalism,-0.13349199
eon,-0.32311334
epa,0.31056452
equal,0.83706698
equality,-0.38798147
equivalency,0.10045861
era,0.28858138
eradicate,0.11066616
erase,0.2902159
erasing,-0.35856962
erdf,0.34942534
eric,0.15716851
eritrea,0.34942534
ernesto,0.27008917
errors,-0.088775376
escaped,0.34001505
escaping,-0.13251231
eskimo,-0.14328765
especially,0.24683878
esquivel,0.27008917
essay,-0.20637132
essentially,0.35975082
est,0.3068872
establishments,-0.44809788
etc,0.37614108
eternity,0.14292936
ethic,-0.16934893
ethically,-0.16195597
ethics,0.24872404
ethiopia,0.34942534
ethnic,-0.50428298
etsy,-0.1240202
eu,-0.3910093
europe,2.3458796
euthanize,0.091302701
evangelical,-0.23359929
even,-0.018222618
event,0.099670526
events,-0.4580011
eventually,-0.19837996
ever,-0.42182343
every,1.2499815
everybody,-0.0016990653
everyday,0.35555828
everyone,0.9753696
everything,0.38945131
everywhere,0.82058951
evidence,0.45463656
evident,-0.086680963
evil,-0.05442469
evils,0.091302701
ew,-0.11822698
ewk,-0.343153
ex,-0.12434336
exact,0.12027072
exactly,0.29694707
exam,0.1235721
example,0.04886955
examples,0.38989246
except,0.47892258
exception,-0.1190425
exceptional,0.24872404
excitement,-0.16382225
exclamation,-0.57147993
excuse,-0.034680347
executed,-0.20321546
executing,-0.15670176
execution,0.19661655
exiled,-0.6565781
exist,1.3504468
existed,-0.087359385
existence,0.42622549
existent,-0.25226034
exit,-0.18261856
exolselcaday,-0.2647755
expand,-0.18397298
expect,0.17602858
expected,0.10045861
expecting,-0.2510976
expel,-0.23079751
expels,-0.19240042
expensive,-0.048636421
experience,0.014452917
experiences,0.07579844
explain,-0.54985681
explains,-0.34021653
explanations,0.32633289
expletives,0.66850259
exploitation,0.29524823
explore,0.42754077
explosion,0.35555828
exposed,0.39846059
exposes,-0.097352316
express,-0.20533587
expressed,-0.22461245
expressionless,-0.056100214
expropriation,0.30564829
extending,-0.086680963
exterminate,0.2800381
external,-0.085484763
extra,-0.249663
extract,0.1760488
extreme,-0.11186574
extremely,-0.17651288
extremist,-0.47130742
extremists,-0.13246881
eye,0.22468701
eyeball,0.65697789
eyed,0.07930728
eyes,0.19012812
fa,-0.60705136
fabric,-0.26584203
fabricated,-0.41596016
face,-2.0879196
facebook,-0.48543361
faced,-0.15388663
faceloudly,-0.12167261
facepalming,-0.24622172
facepensive,-0.042303572
faces,0.57151488
facilitate,-0.29358123
facilities,-0.2510976
facing,-0.13526366
fact,0.34377927
faction,0.26498637
factory,0.091302701
facts,0.82183713
factsmatterthe,0.30564829
fag,0.26984527
faggot,-2.199512
faggots,0.28562967
fags,2.3871236
fail,-0.22515243
failed,-0.16644326
failing,0.31506832
failure,-0.13715827
fair,-0.97036133
fairness,-0.18486447
fairy,0.12027072
faith,-0.10510376
fake,-1.2918726
fakedonaldtrump,-0.13780881
fakes,0.23629188
fall,-0.88709834
fallen,-0.11684952
false,0.12414672
falsely,-0.31053997
falsified,0.44992448
fam,-0.14186352
fame,-0.23100769
familesbelongtogether,-0.30363802
families,-0.42249523
familiesbelongtogether,-0.36532059
familiesbelongtogethermarch,0.40914401
family,0.41031845
famines,0.2904002
fan,0.2192534
fanboy,-0.092836097
fandom,-0.087303462
fans,-0.85827268
far,0.30579283
farm,-0.028592246
farmers,0.55979955
farming,0.091302701
fart,-0.36789357
fascism,-0.20507485
fascist,1.528012
fascists,-2.1899742
fashion,-0.28977998
fast,0.89133723
fasten,-0.066114939
faster,-0.43544814
fat,1.7771055
fatal,-0.14623989
father,-0.33558258
fathers,-0.02627853
fathom,-0.16487345
fatorangefuck,-0.21477241
fatso,-0.10783872
fault,0.24923393
faults,0.3115653
faulty,0.14292936
faux,-0.16542584
favor,0.70824822
favorable,-0.056358831
favorite,-0.32614514
fawn,0.31194136
fbi,0.024416479
fcc,-0.1340306
fear,-0.3353228
feared,-0.18683266
fears,-0.2474057
feature,-0.18220591
feces,0.30729465
feckless,-0.099796783
federal,0.13572206
feds,0.30729465
feed,0.47236575
feeding,0.36930533
feeds,-0.18650057
feel,-0.25256602
feeling,0.18083442
feelings,-0.043774874
feels,-0.060405152
fell,-0.062002724
fella,-0.089623236
fellow,0.15336756
felons,-0.23573319
felony,0.077252762
female,-0.54005542
females,0.66687657
feminazi,0.24969453
feminazis,0.49501266
feminism,0.55159213
feminist,0.87167697
feminists,0.93851098
fen,0.4131836
fentanyl,-0.31030135
feral,0.19207701
ferguson,0.95216386
fergusonriot,0.60309844
fervently,0.12027072
feudal,-0.019133724
few,-0.17127134
fff,0.65697789
fiance,-0.28164306
fight,-1.2607627
fightback,-1.0464623
fighter,-0.28984238
fighters,-0.34068958
fighting,0.33301089
fights,-0.3647119
figure,-0.21838606
figures,0.74938165
filing,-0.098960489
fill,0.56209193
filled,-0.63199847
filly,-0.061233493
film,-0.2770775
filth,0.85954842
filthy,0.75414295
fin,-0.1661743
finalist,-0.2299331
finally,-0.90059359
finance,-0.0066836982
financial,-0.18620951
financiers,-0.40142683
find,-1.0087314
fine,0.94731411
fines,0.35418037
finestbitch,-0.2299331
finger,-0.77519502
fingers,-0.14711427
finish,0.86630554
finished,0.3800657
fire,0.61940188
firekushner,-0.37683111
firing,0.6902007
firmly,-0.18126544
first,0.54247232
fish,0.48459183
fist,-0.36979437
fit,-0.074700068
fitting,-0.56839147
fix,-0.038049613
fkk,-0.070758646
fl,-0.14014881
flag,-0.19227432
flagged,-0.04345146
flags,-0.18064038
flap,-0.10156894
flares,-0.35415886
flat,0.068666676
flea,-0.14838998
fled,0.026167407
flee,-0.056926665
fleeing,0.1760488
flexed,-0.028500657
flight,-0.099025034
flimsy,-0.16195597
flinging,-0.24334456
flipped,-0.16866938
flipthesenate,-0.086549524
flirt,-0.092836097
floated,-0.20930376
flock,-0.32492018
flooding,0.30729465
floor,0.17968325
florida,0.025667078
flouting,-0.32091313
flow,-0.42916309
flu,-0.59160398
fluent,0.44992448
fluffy,-0.24026564
flushed,-0.47408917
flushthetoilet,-0.59782158
fly,-0.21746094
flying,-0.23079751
focus,-0.33538514
focussing,-0.20655354
foh,-0.18479056
foil,-0.10853811
fold,0.17916692
folded,-0.20379629
foley,-0.48896463
folks,-0.33041633
follow,0.2817981
followed,-0.17485035
follower,0.37995297
followers,-0.44782445
following,0.19661655
fomenting,-0.19330636
food,-1.7269872
fool,-0.090136673
foot,-0.1200479
football,1.2830153
for,-2.5144487
forbid,0.2338058
force,0.65924767
forced,-0.499911
forcefully,-0.091540943
forces,0.36091362
ford,-0.14842126
forehead,-0.13153728
foreign,0.24815005
foreigner,0.89117625
foreigners,0.62247339
forever,0.23474393
forget,-0.35422067
forgetting,0.19661655
forgive,-0.074773987
forgotten,-0.2678585
form,-0.26287797
former,-0.088020847
forms,-0.58772321
formulations,-0.14810202
forth,1.4610402
forward,-0.41022102
fossa,0.18403466
fought,0.1317495
foul,-0.14621375
found,-0.35405161
foundation,-0.1128459
founders,0.37029767
four,-0.5881132
fox,0.044749151
fraction,-0.267427
framed,-0.15972308
france,-0.48991101
francisco,0.40238194
frank,-0.13867661
frankel,-0.28546772
fraud,0.14945304
frc,0.42850572
freak,-0.29008111
freaked,-0.1399187
freaks,0.22641086
freddie,-0.44160176
free,0.46539623
freebalochistan,-0.24771011
freed,0.60463167
freedom,0.65998978
freedomofpress,-0.15388663
freeourfuture,-0.23117783
freestyles,-0.20410766
freethekids,-0.18900229
freeuyghur,-0.21884799
french,0.22241556
frenchman,-0.21349103
frequent,0.26775957
frequently,-0.12994316
freshman,0.25967386
fridayfeeling,-0.5038594
friend,0.12043653
friendly,-0.13944553
friends,-0.52768557
fries,-1.1137751
fro,-0.087669226
from,2.1634682
front,-0.34009139
frontage,0.18403466
frown,-0.33131812
froze,-0.20637132
frump,-0.12585187
fta,-0.41596016
fuck,-1.1115738
fuckamerica,-0.063247064
fuckdonaldtrump,-0.18900229
fucked,-0.57366624
fucker,-0.79302151
fuckers,-0.21562919
fuckhead,-0.10853811
fuckin,-0.30556109
fucking,-0.19883082
fucks,-0.63543552
fuckthegop,-0.25682231
fuckthepolice,-0.063247064
fucktrumpmiddle,-0.32332108
fug,1.126739
fugly,-0.1810683
full,0.66130091
fully,0.39983245
fun,-0.29302884
fund,0.62299475
fundamentalists,0.35343102
funded,0.038968246
funding,0.14628577
funds,0.8436862
funeral,0.10015833
funky,0.18403466
funniest,-0.17265631
funny,0.19232156
further,0.26500656
furthering,0.091302701
furthers,0.34719121
fuss,-0.17785945
future,0.26416853
fuuucckk,-0.15179037
fuzzy,-0.20413981
fyi,0.37501592
gals,-0.10510376
game,-1.0025432
gamedthesystem,-0.30240964
gamers,0.76800658
gandhi,-0.18143333
gandhian,-0.13525946
gang,-0.45038192
gangs,-0.27790336
gangster,0.73646603
garb,-0.31883872
garbage,0.29449004
garcia,0.27008917
garvey,0.44896349
gate,-0.11111369
gates,0.37143628
gathering,0.1760488
gave,0.38824818
gay,2.8078897
gays,0.66514985
gaza,-0.51128516
gb,-0.2380394
gdn,-0.37260527
gdp,0.49169032
ge,-0.097981559
geek,-0.21790573
general,-0.34742382
generali,-0.22120658
generally,0.14389902
generation,0.610955
generations,0.28380445
genetically,0.39387442
genitals,0.18403466
genocide,4.0468351
gentlemen,-0.23715896
genuine,-0.36927886
genuinely,-0.095025019
george,0.49628306
german,0.4055577
germans,0.62826675
germany,1.4780483
get,0.25053664
getafe,-0.24443821
gets,1.5439273
getter,-0.2031381
getting,-0.58323039
ghetto,-0.059283216
ghettos,0.78606983
ghost,0.4767284
ghosts,-0.10383046
gi,-0.15165843
giant,-0.13349199
giants,-0.32384605
gibbets,0.058418038
gigs,-0.41728753
gino,-0.084917326
ginormous,0.17916692
girl,-1.4202738
girlfriend,-0.5420459
girlfriends,0.39170997
girls,-0.0037334262
give,-0.97686528
given,0.020224263
gives,0.14428799
giving,0.76356405
gizmo,-0.28360035
glad,1.0783626
gladly,-0.17640681
glam,-0.43656009
glasses,-0.15769106
glee,0.24279413
gleeful,-0.10383046
glitter,-0.25667934
gloat,0.12027072
global,0.42059672
globalist,-0.042859174
glorious,-0.012271894
gloves,-0.097687197
gnostic,0.26498637
go,2.9255949
goals,-0.20747402
goblin,-0.22461527
god,1.0224575
goddam,0.1294946
goddamn,-0.27176663
godmother,-0.26559747
gods,0.14292936
goes,-0.20953827
going,0.46090158
gold,-0.6987776
goldman,-0.18996718
golf,-0.30743989
gone,-1.3470074
good,-0.031952282
goofball,-0.075761884
goofy,-0.062938952
google,-0.14569715
goon,-0.16297344
goons,-0.041469668
goose,-0.16542584
gop,-0.77616078
gopcomplicittraitors,-0.27206471
gopcoverup,-0.066961758
gopwaronwomen,-0.11594147
gordon,-0.67973305
gorillas,0.31159777
got,-1.3218441
gotta,-0.25700851
gotten,-0.28633571
governance,-0.22120658
government,-0.037338403
governmental,-0.17651288
governments,-0.77359355
governor,-0.40471667
governors,0.029431323
govt,-0.021804023
gpo,-0.32131657
gq,-0.17250478
grab,-0.10818952
grabber,-0.10783872
grabbing,-0.29615431
grace,0.30085075
grad,-0.14075999
grade,-0.14006084
graduation,-0.23079751
grammatical,-0.088775376
grand,0.42850572
granddad,0.61998845
grandeur,-0.23505633
grandma,-0.10447942
grandmother,-0.05103887
grandmothers,0.36091362
grandpa,-0.046478937
grandparents,0.37317495
grapes,-0.16753349
grassroots,-0.10581977
grave,0.31318173
gray,0.34942534
great,1.5096705
greed,-0.18166524
greedy,-0.27037798
greek,0.17526728
green,-0.23934264
gregory,-0.18659924
grimacing,-0.090244577
grinning,1.2830153
grip,-0.33538514
ground,0.93983324
grounds,-0.13525946
group,0.17283227
groupie,-0.22223412
grow,-0.3989112
growled,-0.069673892
grown,0.18951352
gs,0.4131836
gtfohwoman,-0.07601043
gucci,-0.38959898
guess,-0.29642486
guest,-0.24890938
guests,-0.091282285
guilt,-0.090991858
guilty,-0.52104207
gulling,-0.19868933
gun,-1.3095604
guns,-0.38197593
gush,0.31194136
guts,-0.18589923
gutter,0.1700216
guy,-0.94245359
guys,0.427961
gym,0.35054259
gypos,0.38772493
gypsies,0.78966799
gypzies,0.84619256
ha,-0.2031381
habitually,0.50647718
hacking,-0.27120164
had,-0.13817776
hadar,-0.13246881
hag,-0.11718683
hague,-0.10383046
hah,0.65697789
haha,-0.59467316
hahaha,0.02022782
hahahahahahaha,0.43266839
hahahahahahahahahahahaha,0.43266839
hail,0.30441899
hailed,-0.31826109
hair,-0.10404337
hairstyle,-0.18362958
haiti,0.32187327
halal,0.15716548
halala,0.18623485
half,-0.0032154126
hallo,-0.22120658
halloween,-0.23103619
halted,-0.39674566
hand,-0.49806789
handbook,0.50722445
handed,0.16576814
handful,-0.077599583
handicapped,0.66331663
handle,-0.16931497
handled,0.91538746
handler,-0.12753703
handling,-0.22565833
hands,-0.4836173
hang,-1.2611901
hanger,-0.040941104
hanging,-0.22248312
hangover,-0.38161111
hanson,0.48383378
happen,-0.88918673
happened,-0.653906
happening,0.42023692
happens,0.45081314
happiness,-0.20354401
happy,-1.3858534
happyjohnmccainday,-0.082610879
haram,-0.30524816
harass,0.1760488
harassed,-0.19389275
harassing,-0.18261856
harassment,-0.42179421
harbinger,0.22440634
harbor,0.30312732
hard,-1.4793772
hardly,-0.00068531069
hardy,-0.42510745
hared,-0.36119143
harm,-0.26759391
harmonic,-0.075089203
harpreet,-0.27883695
harrowing,-0.15972308
harry,-0.097162014
hartcelleract,0.22261304
harvey,-0.23429871
has,-0.28861595
hashtags,-0.11537477
hasnt,-0.19860862
hat,0.12428228
hate,-0.56167522
hatecrimeinindia,-0.13246881
hateful,0.65733914
haters,-0.28549284
hates,-0.82204488
hating,-0.18261856
hatred,0.11871975
haul,-0.046017495
have,-1.3256461
haven,-0.19837996
having,-0.18466878
hayden,0.24376053
hayseed,-0.1573468
he,-0.84268796
head,2.5832731
headed,-0.28790129
heading,-0.17469403
heads,0.81504622
headshot,-0.20249629
heady,-0.051694818
health,-0.16849159
healthcare,-0.25302341
healthy,-0.14821777
hear,-1.1822983
heard,-1.4114768
hearings,-0.29650697
heart,0.067091202
heartbroken,-0.19860862
hearts,-0.14077301
hearty,-0.11222021
heat,-0.27908821
heated,-0.41440787
heck,0.16672493
height,-0.13153728
heinous,0.18674089
heir,-0.16226444
held,-0.31943263
helicopter,-0.48938296
hell,0.14238322
hellawaitstrump,-0.083374354
hellhole,-0.47243981
hello,-0.51756869
help,-1.1407689
helped,-0.23325924
helper,0.091302701
helping,-0.32131657
hen,0.66841489
henchmen,0.19734961
her,0.40491508
here,0.44148617
hero,0.22198682
heroes,0.24247489
herself,0.57403385
herzegovina,-0.26264086
hes,-0.43219153
hesitate,-0.092836097
hesitation,0.15336756
hesthefuckingdevil,-0.19837996
hey,0.033369979
hhs,0.31056452
hi,-0.24327925
hiccup,-0.23914865
hick,-0.1573468
hicks,-0.20582669
hidden,-0.11310783
hide,0.07518624
hideout,0.1760488
hiding,-0.12818876
high,0.96736099
highcrimesandmisdemeanors,-0.11777103
highest,-0.41501945
highway,-0.34068958
hijab,0.32806059
hijabs,0.24458236
hijackers,0.28966569
hill,-0.28077327
hillary,-0.84754079
him,0.37370357
himself,1.0930206
hindi,-0.097352316
hindu,0.98918852
hinduphobic,0.36518544
hindus,1.4627051
hip,-0.043774874
hippopotamus,-0.13815833
hiragana,-0.37683111
hire,-0.3404785
hired,-0.32769477
hiring,0.25837641
his,-0.28096964
hispanic,0.26002138
historical,-0.19042176
history,-0.14788245
hit,0.46960259
hitler,0.30382576
hitman,-0.17391366
hitting,-0.53235051
hm,-0.053895155
hmm,-0.29938866
hmmm,-0.099586341
ho,-0.28474757
hoax,-0.08386157
hobby,-0.060003021
hockey,0.18403466
hoe,-2.5558952
hoes,-1.5980572
hohhot,-0.069673892
hoist,-0.42445869
hold,-0.028673776
holder,0.016165454
holding,0.45601454
hole,-1.6602195
holes,-0.13799013
holiday,-0.2510976
holidays,-0.25347062
holiest,-0.18650057
holleringgggggg,-0.14657791
hollers,-0.10510376
holley,-0.034152587
hollow,-0.24295922
home,-0.0071063461
homeboy,-0.24026564
homeland,0.35732821
homeless,-0.79281942
homelessness,-0.27052346
homes,-0.39378099
homestead,-0.088254155
homicide,-0.18659924
homicides,0.26775957
homophobic,-0.67915703
homosexual,1.3702209
homosexuals,0.46641352
honda,0.18623485
honest,-0.22713625
honestly,-0.84259794
honey,-0.047251628
honor,0.19661655
honorary,-0.37683111
honoring,-0.077863956
hood,0.4147488
hooking,-0.065758222
hop,-0.043774874
hope,1.9705492
hoped,0.12027072
hopeful,-0.13690635
hoping,-0.3294756
hordes,0.4191135
horn,0.1760488
horns,-0.18389166
horny,-0.070527211
horrible,-0.63065894
horses,-0.37631415
hospital,0.3805309
hospitals,-0.33425569
host,0.57406464
hosting,-0.2783489
hot,-0.90802371
hotel,0.44897648
hotness,-0.30752092
hourglass,-0.096505182
hours,0.52259744
house,-0.45246172
households,0.26108508
houses,0.26860844
housewives,0.073838864
housing,0.26860844
how,-0.80270856
however,0.19661655
http,0.51462807
huddle,0.24279413
huds,-0.16204249
huffpost,0.29854778
huge,-0.31131988
hugging,-0.16813843
hugs,-0.071080186
huh,-0.017520823
hulk,-0.23934264
hull,0.45601454
hum,0.66841489
human,-0.34299996
humane,-0.5255481
humanist,0.14292936
humanity,0.46743955
humankind,-0.22001553
humans,-0.49142513
hume,-0.18064038
humorisaweapon,-0.53754401
humphrey,-0.35045867
hundred,0.33465723
hundreds,0.43066138
hung,0.44209971
hungary,0.033321719
hunt,-0.23029197
hunted,0.62889633
hunters,-0.49738156
hunting,-0.087126265
hurricane,0.74938165
hurried,0.15336756
hurt,-0.60837664
hurting,-0.21140973
hurts,-0.31621964
husband,0.27579118
hussein,0.28651113
hustler,-0.16386344
hydrants,0.39387442
hype,-0.12684494
hypocrisy,0.55427489
hypocrites,-0.35162952
hypocritical,-0.28903661
hysterical,-1.4621349
ian,-0.18818974
ias,-0.20384175
ib,-0.36776927
icc,-0.35170146
ice,0.85053223
iceberg,0.48383378
ices,-0.23117783
icon,-0.1340306
id,0.0082112041
idea,-0.45404707
ideal,0.48292189
ideas,0.14292936
identify,-0.2936077
identity,0.23576728
ideologies,-0.21669082
idiocy,-0.48142566
idiot,-1.262734
idiotic,0.04689394
idiots,0.26036849
idler,-0.15332408
ids,0.42243415
if,0.34323963
ignorance,0.05377478
ignorant,-0.46929954
ignore,-0.024411131
ignored,0.30729465
ignores,-0.35511003
ihatewome,-0.046478937
iiam,-0.2299331
ill,4.9819687
illegal,1.7637278
illegalalieninvasion,0.752139
illegally,-0.31030135
illegals,1.0886547
illegitimate,-0.31628866
illiberal,-0.09895814
illigal,0.39794961
illness,0.32305706
illuminati,0.26498637
illustrating,-0.35511003
im,-0.11827304
imagine,-0.84302653
imbeciles,0.30540897
imf,0.86894263
immature,-0.58412643
immediate,0.14097696
immediately,-0.070657106
immerse,-0.067922648
immigrant,0.764568
immigrants,1.8043974
immigration,0.66473438
immoral,0.42857642
immorality,-0.29138522
impeach,-1.0503147
impeachdonaldtrump,-0.21237636
impeachdonaldtrumpnow,-0.11041522
impeachment,-0.37427275
impeachmenthearingsnow,-0.28933901
impeachmentinquirynow,-0.33940258
impeachthemf,-0.11594147
impeachthemftraitor,-0.24572496
impeachtrumpnow,-0.55754051
implores,-0.28546772
implying,0.20655167
importance,-0.14047689
important,-0.21147552
imported,0.40716415
importing,-0.47053133
impossible,-0.41440787
imprison,0.15556866
imprisonment,0.31056452
improve,-0.18397298
imran,-0.28210874
imranhataomulkbachao,-0.30787096
imrankhanprimeminister,0.40062342
imtalkingaboutadude,-0.012271894
in,-1.5988172
inadvertently,-0.25303906
inane,-0.04345146
inbox,-0.10269634
inbred,-0.060003021
incapacitated,0.39983245
incarcerated,0.35033584
inch,-0.32125341
incident,-0.20391997
incite,-0.41097027
including,-0.30380134
income,-0.37761521
incoming,-0.087368026
incompatible,0.51605097
incompetent,0.092186453
inconsistency,0.14292936
incorrect,-0.092590481
increase,-0.35842062
increased,0.23629188
incredible,-0.18085888
indeed,0.3800657
indefinite,0.37501592
independence,-0.098748279
index,-0.35780196
india,0.71823223
indiaflag,-0.097687197
indian,0.32467294
indiana,0.1678912
indians,1.857531
indias,-0.28210874
indiavspak,-0.19259872
indiavspakistan,-0.19259872
indication,-0.091829911
indict,-0.24499562
indictmentsarecoming,-0.10783872
indigenous,0.44756997
indira,-0.18143333
indiscriminate,-0.39606162
individual,-0.040941104
industry,-0.24250689
inec,-0.18166524
ineligible,-0.098960489
inequality,0.49169032
inevitable,-0.13251231
infant,-0.28170724
infected,0.42767837
inferior,1.9680638
infested,0.72855853
infidels,0.42697814
infiltrate,0.50722445
infiltrators,0.26498637
infinitely,-0.12615993
infinitum,0.14292936
influence,-0.17947621
influences,-0.11504237
influx,0.42830397
info,-0.21359029
information,0.13904124
informing,-0.10548928
infuriated,-0.28984238
ingrates,0.30729465
inhaling,-0.16542584
inherent,0.12027072
inherently,0.508085
inhuman,-0.23677244
initially,-0.13246881
injections,-0.3647119
injure,0.28966569
inn,0.18623485
innocent,0.075598348
innocents,0.34706877
inoffensive,-0.17264032
insane,-0.092588637
insect,0.84475565
insecure,-0.17970475
inserting,-0.32091313
inshallah,-0.40686239
inside,0.0027359437
insist,-0.13544121
insisting,0.58546876
inspired,-0.071080186
instagram,-0.2842735
instance,-0.18786188
instant,-0.2953014
instantly,0.17916692
instead,0.80597643
instigated,-0.29138522
instilled,-0.055709686
insult,-0.49103949
insulting,-0.40287919
insults,-0.25465027
integrity,-0.09895814
intellect,-0.17972159
intellects,0.32400884
intellectual,0.14292936
intellectually,0.27555224
intelligence,0.3186063
intelligent,-0.22133378
intention,-0.16307321
intentions,0.45293907
interacted,-0.15165843
intercourse,0.18403466
interest,0.0038123191
interested,0.12020949
interests,0.26749179
interference,-0.16934893
international,-0.22284822
interrogating,0.1760488
interrogation,-0.12583448
intimidate,-0.22370212
into,0.83932374
intolerance,0.23629188
intolerant,0.42850572
introduce,0.12020949
intruder,-0.089623236
invade,0.26860844
invader,0.27008917
invaders,1.0135283
invading,-0.37231733
invalid,-0.05651354
invasion,1.2075816
invented,-0.27790336
investigate,0.30564829
invitation,0.54470815
invite,-0.040941104
invited,-0.18425429
invites,-0.19519549
involved,-0.011713787
ioc,0.35555828
iowa,-0.20451202
iphone,-0.18484295
iq,0.80188967
iran,-0.16528129
iranian,0.66274399
iraq,-0.51898353
iraqi,-0.17519975
irish,-0.3772275
iron,-0.25690604
irrelevant,0.98930471
irresponsible,0.26860844
is,1.0657995
ishutdown,-0.27641487
isil,-0.33909151
isis,-1.1718183
islam,3.3387431
islamic,0.67095279
islamist,-0.046017495
islamistheproblem,0.31506832
islamization,0.28127099
islamophobic,0.36518544
islands,-0.24715575
isn,-0.18860837
isnt,-0.82159141
israel,0.12668412
israeli,0.94169674
issue,-0.46324278
issues,0.42190117
istandwithnrs,-0.11584836
it,-0.48458992
italian,-0.15769106
italians,-0.36177893
italy,-1.0648591
itll,-0.091829911
its,-1.185733
itself,0.54920066
itsokaytobewhite,0.14653153
itsoktobewhite,0.26109937
ive,-0.25759778
ja,-0.097162014
jab,-0.24327925
jacee,-0.033661098
jacked,-0.16866938
jacket,-0.026072198
jacob,-0.13040816
jai,0.098532246
jail,-0.87823073
jaishreeram,-0.16465436
jamaica,-0.13715827
jamalkhashoggi,-0.18486447
james,-0.11804187
jamie,0.32664468
jams,0.35747481
jane,-0.16226444
janelle,-0.058258681
janna,-0.19757727
japan,0.69055647
japanese,0.8143949
japs,0.13867227
jarvis,0.36206503
jay,-0.097162014
je,-0.28429909
jealous,-0.34466659
jeezy,-0.12926668
jennie,-0.12562198
jeopardy,-0.11584836
jeremykyle,-0.1358251
jerk,-0.04345146
jerks,-0.12460084
jerri,-0.16226444
jersey,-0.48565571
jessewatters,0.27446665
jesus,-0.20313137
jete,-0.097162014
jew,0.69619304
jewish,0.83951733
jews,2.2471338
jhugis,-0.52168422
jihad,1.6594744
jihadis,-0.48938296
jihadist,-0.27289933
jihads,-0.22029654
jinks,-0.16226444
jo,1.0111358
joanna,0.66841489
job,-0.2893431
jobless,-0.36438966
jobs,1.2419532
joe,0.21767196
jogger,-0.11888752
john,-0.20059553
johnmcainday,-0.2940655
johnmccainamericanhero,-0.12585187
johnmccainday,-0.56680302
johnson,-0.030159221
join,-0.2240439
joined,-0.3027551
joint,-0.31883872
joke,-0.61238831
joking,0.065785352
jones,0.72673522
jong,-0.15648487
jonica,-0.041829614
joost,0.44794227
jordan,-0.22141203
jordanians,0.55102554
jose,-0.20324147
josevski,-0.27266532
journalist,-0.086680963
journalists,0.29568388
journos,-0.09895814
joy,-1.3924676
jr,0.26500656
judge,-0.23762894
judgement,0.34868847
judgmental,-0.22806534
juice,-0.18996718
jump,0.25932136
jumping,-0.26073597
jumps,-0.24295922
jumpskizie,-0.070280516
jungle,0.76928915
junior,0.41919182
juniordoctorsunity,0.43204918
junk,0.745696
jury,-0.18659924
just,0.41669099
justice,-0.99042707
justiceforgudiya,0.23004697
justiceforkatie,-0.23258417
justiceforthekids,-0.18900229
justicefortwinkle,0.23004697
justicefortwinklesharma,1.2605035
justify,-0.78391056
justifying,0.78673535
justin,0.52897789
kalergiplan,0.16555356
kali,-0.098124891
kanji,-0.31536736
kara,-0.31536736
kardashian,-0.10362649
karen,-0.12086127
karma,0.25985539
karmaiscomingforyou,-0.083374354
karo,-0.31536736
karyakartas,0.26146173
kasai,-0.17382035
kashdoll,-0.051694818
kashmir,-0.20328334
kate,-0.35747209
kathuarapeverdict,-0.093383191
kathuaverdict,-0.23538555
kathy,0.54470815
katina,0.39138678
kavanaugh,-0.35856962
ke,0.39083475
keen,-0.27883695
keep,-0.91885783
keepamericanssafe,-0.16548482
keepamericanssafenowhere,0.29558113
keepamericanssafethis,0.21604414
keepamericasafe,0.73054951
keepamericasafeillegal,0.26775957
keeping,-0.00089169986
keeps,0.35634831
kelly,-0.22465624
kendall,0.72673522
kenny,0.32488647
kept,0.070357388
keri,0.23447682
kerr,0.51358753
kerry,-0.1098705
keto,-0.097162014
key,-0.083804797
keyboard,-0.22950807
keynote,-0.095025019
khan,0.081994307
khashoggi,0.48019949
khloe,-0.10362649
khz,-0.085021283
kia,-0.16226444
kick,-0.80593177
kicking,1.0158726
kid,0.59558252
kidding,0.49237175
kidnap,1.3280204
kidnapping,-0.57064496
kids,-1.3789556
kike,-0.067397254
kill,7.2883247
killed,0.61433991
killer,-0.49975913
killers,-0.10917586
killing,0.26575074
killingeve,-0.16822222
kills,0.45702835
kim,-0.29035609
kin,-0.33209485
kind,1.726349
kindly,-0.27057069
kindness,-0.26891075
kinds,-0.48646711
king,0.4327214
kink,-0.18641562
kiss,-0.48304807
kissed,-0.090797928
kissing,-0.24026564
kitchen,-0.081970036
kitchens,-0.13486912
kite,-0.12460084
kitty,-0.11635803
kkk,0.53254001
kkkrumpnazi,-0.17250478
knee,-0.04345146
knees,0.94191844
knew,-0.16472286
knock,-0.073253426
knot,-0.087669226
know,-0.80492063
knowing,-0.26714373
knowledge,-0.76761749
known,0.30129978
knows,-0.10962827
knuckle,-0.10543791
koala,0.67255145
koi,-0.16226444
kolkata,-0.030697721
koran,0.22440634
korean,0.35204836
kosher,-0.31883872
koshies,0.71069136
krishan,0.30814843
kruger,-0.22465624
ktakef,-0.2299331
kus,-0.062306303
kush,-0.58171627
kutupalong,-0.26714373
kuw,0.43867639
kyle,-0.15827436
kylie,-0.042303572
kylies,-0.3085841
kyrgyzstan,-0.24771011
la,-0.65334611
lab,0.24376053
labor,0.7819001
lack,0.62494459
lad,0.71397965
laden,0.070784191
ladies,-0.31754858
lady,-0.4601726
ladylike,-0.085785494
lailatulqadr,-0.29358123
lair,-0.14743101
lairs,0.55427489
lake,0.32488647
lakewood,-0.143284
lakh,-0.16226444
lame,-0.26188194
lamicopyright,-0.14350157
lamphbia,-0.14350157
land,0.23972053
lane,-0.43345081
lanes,0.35555828
language,-0.18102669
languages,0.44992448
laplace,0.36261313
laptop,-0.20637132
lara,-0.40471667
larders,0.30814843
large,-0.12460084
larry,-0.37240707
lashkaretaiba,-0.18486447
last,-0.19307965
lastly,0.1760488
late,0.4655007
lately,-0.37286176
later,0.19562724
latest,0.56388162
latin,-0.13726262
latino,0.13469087
latinos,0.32875649
latter,0.4767284
laugh,-0.19566118
laughed,-0.081702837
laughing,-0.53389866
laughoutloud,-0.17391366
laughs,-0.12510158
launderer,-0.10783872
laurel,-0.065599662
laurels,-0.075221219
lauren,0.55008058
law,-0.8710271
lawandorder,0.24247489
laws,-0.19749441
lawsuit,-0.098960489
lawyer,-0.93837372
lawyers,-0.11888752
lax,-0.13427439
lay,0.31318173
lazy,-0.17592315
lbs,-0.097791189
le,0.18623485
leader,0.85696367
leaders,-0.022286327
leaf,-0.14487261
leaking,-0.077863956
leaning,-0.18764949
learn,-0.16722874
learned,-0.32093748
least,0.55598114
leave,0.027143856
leaved,1.1775499
leaving,0.1261224
lebron,-0.62832179
led,-0.24295922
leeds,0.73812951
left,0.38981015
leftist,0.35215578
leftists,-0.28627385
leg,-0.36021342
legal,-0.74091878
legally,-0.61770198
legislator,0.43204918
legitimate,-0.14920729
legs,1.1554952
leicester,-0.29176186
lekin,0.66841489
lemonade,-0.17129334
lenient,0.27601118
lenin,0.62875255
lennon,-0.33209485
leprechaun,-0.2859836
les,-0.28429909
lesbian,0.49943979
lesbians,-0.25252393
less,0.52776601
lesser,0.073838864
lesson,-0.14289186
lessons,-0.17651288
let,1.4340699
lets,-0.24427433
letter,-0.030302726
letterman,-0.11844164
letters,0.10045861
letting,-0.13948496
level,0.00024975318
levis,-0.17485035
lfc,0.73812951
liable,-0.040941104
liar,-1.0532941
liarinchief,-0.66614289
liars,0.10526022
lib,0.24376053
liberal,0.14031585
liberals,0.67269421
liberate,-0.29358123
liberty,0.67046149
library,0.25777895
libya,-0.06657877
lice,-0.47425128
lick,-0.42866704
licked,0.18403466
licking,-0.19872857
lie,0.20373888
lied,0.31106978
lies,-0.44309546
life,-0.14066461
lifes,-0.18221501
lifestyle,0.62714963
lifetime,-0.13682023
light,-0.39813734
lights,-0.23178518
like,-0.48997469
liked,0.76841108
likely,0.3729938
likes,-0.65733959
liking,-0.44818701
limit,0.001631948
line,-0.62775637
lingual,-0.098748279
link,-0.25225057
linked,-0.48896463
links,-0.23186689
lionbridge,0.24376053
lions,0.82577083
lips,0.067560973
lipstick,-0.079405011
list,-0.070690145
listen,-0.21420308
listened,-0.011112358
lister,-0.16317011
literal,-0.36567838
literally,0.33574982
little,-0.6833422
live,-0.69890815
lived,0.22146136
lives,-0.49290328
lividdddd,-0.065599662
living,-0.45676448
ll,1.0426472
lmao,-0.71067325
lmaoooooo,-0.17876027
lmaoooooooooooo,-0.22465624
load,0.42047167
loaded,0.1294946
loaf,-0.096763265
local,-0.22614543
locked,-0.29065665
lockthefuckerupnow,-0.091757879
lockthemallup,0.14942241
lockthemup,-0.3486617
lockup,-0.44368673
lodi,0.35555828
log,-0.24301042
logo,-0.24327925
lois,-0.15644544
lol,0.95021225
london,-0.66967176
lonely,-0.27558179
long,0.34641663
longer,0.22504622
longs,0.78350051
look,-1.2473605
looked,-0.1972411
looking,0.45113082
looks,-0.12994316
loolookske,-0.2299331
loose,0.16840111
loot,0.27112668
lord,-0.17972159
los,-0.26891075
lose,0.13478392
loser,0.68886577
losing,-0.28627385
lost,0.22420937
lot,0.047687216
lots,0.08472187
loud,0.45827415
loudly,-0.30389449
louisivillians,-0.23117783
lousy,-0.2260011
love,0.42928143
loved,-0.090991858
loveitorleaveit,-0.21662128
lovely,0.074501809
lover,-0.097687197
lovers,0.091302701
loves,-0.042862458
loving,-0.16195597
low,-0.071623414
lower,1.1473575
lowest,-0.52781341
lowlife,-0.44945014
loyal,-0.5265062
loyalest,-0.10453695
lsd,0.22641086
lube,-0.17391366
lucid,-0.20354401
lucifer,-0.17972159
luck,-0.20047244
lucky,-0.12926668
luka,-0.22081356
luke,-0.19765249
lunch,-0.22835329
lure,0.30814843
lured,-0.11804187
lying,-0.075858185
lynch,0.27639226
lynching,0.36206503
lyric,-0.19339986
lyrics,-0.072784421
lzzzzzzzz,-0.031085172
maam,-0.10551445
maccabees,0.44794227
machete,0.36261313
machine,-0.098960489
machines,-0.20798109
macron,0.25339566
mad,-0.50261957
made,1.2042487
madeira,-0.13246881
madrassas,-0.24295922
maga,1.5471529
magaveteran,-0.5255481
magazine,0.1294946
maid,-0.05103887
maiduguri,0.36945816
mail,-0.36985772
mailbombed,-0.22370212
maim,0.17337886
main,-0.16478778
maintaining,0.29524823
maintains,0.35975082
major,0.41473021
majority,0.043795762
make,-0.79296029
makeamericaamericaagain,-0.09409698
makechildrenworkagain,0.4327214
maker,-0.28546772
makes,-0.14197187
makeup,0.96422333
making,-0.76119502
malala,0.62299475
malaria,-0.40686239
malaysian,-0.22465972
male,-0.30512793
males,0.5193497
malik,-0.11627287
mama,1.5371023
mamata,-0.18764949
mamatabanerjee,-0.16465436
mamatakaterror,-0.15332408
mamie,0.1294946
man,0.51110137
managed,-0.61289092
manager,-0.059580698
manchester,0.064254575
mane,-0.20379629
manifesting,-0.11186574
manifesto,-0.29718023
mankind,0.23004697
manner,-0.15202524
mans,-0.099687618
many,0.073647349
marathi,-0.22465972
maraud,-0.10453695
marco,0.85754039
marcus,0.44896349
mark,-0.47183318
markbathompson,-0.14810202
markdouble,-0.19860862
market,-0.26714373
markstopwatchalarm,-0.096505182
marquita,0.54470815
marriage,-0.13411555
married,0.92793305
marry,1.1727344
marrying,-0.1435543
mars,-0.37683111
marshals,0.32088321
marxism,0.35975082
marxist,0.28972467
mary,1.5558881
mascot,-0.16634187
mask,-0.30850598
mass,0.60611781
massacre,-0.059788891
massacred,-0.40918662
massive,1.4861801
master,0.48078404
masturbate,-0.32194307
masturbation,0.18403466
mat,-0.31536736
match,-0.16386344
matching,-0.19837996
mate,-0.62509743
materials,-0.29718023
mathura,-0.17382035
matt,-0.091829911
matter,0.2616253
matters,0.71251543
max,-0.16386344
maya,0.15746891
maybe,-0.66207445
mayor,0.26792858
mayors,0.029431323
mbs,-0.55154698
mccainsaheroday,-0.067922648
mcconnellchaocorruption,-0.02627853
mcgann,-0.080903617
mcjob,-0.3373952
me,-3.4914393
meals,-0.096478368
mean,-0.45952161
meaning,0.1760488
means,-0.50585574
meant,0.39326312
meat,0.25008327
medal,0.75796311
meddle,0.13097567
media,0.23869151
mediabiasthe,-0.16077036
medical,0.14958917
medicare,-0.25302341
medicine,0.36725752
mediocre,-0.15202524
mediterranean,0.32488647
medium,-0.6795781
meds,-0.087539806
meet,-1.0755263
megan,0.53026276
melanie,0.42112642
mellon,0.18623485
member,-0.18136226
members,0.5050723
meme,-0.1154247
memes,0.19207701
memorial,-0.14515868
memory,-0.23258417
men,1.3053261
mental,-0.28555619
mentality,-0.044119418
mentally,-0.64487981
mention,0.57606753
mentioning,0.28997291
mentions,-0.15942245
merciful,0.60354218
mere,0.23447682
merge,0.59995553
merit,-0.55784623
merkel,0.44209971
mess,-0.15771562
message,-0.63296743
messages,-0.18973743
messed,0.090446451
messiah,-0.077863956
messy,-0.14083314
met,-0.13621724
metaphorically,-0.23505633
meth,0.4820203
method,-0.22120658
methodology,-0.22120658
metro,-0.50460838
mexican,1.2830153
mexicans,0.29854778
mexico,1.0878502
miami,-0.05973334
miamis,-0.037752721
mic,-0.31957134
michael,0.39598639
michaelhosang,-0.27045103
microdick,-0.02627853
mid,-0.20451202
middle,-0.60550711
midget,-0.2753866
might,-0.10969186
migrant,0.25177408
migrants,1.512477
migration,-0.26272549
mike,0.082099183
milan,0.30901222
mile,-0.048636421
miley,-0.28627939
military,0.18350774
miller,-0.10383046
million,-0.85615476
millionaire,0.35418037
millions,0.33295743
milllion,-0.21477241
milo,-0.16277245
milton,0.57769688
mind,0.11363041
mindless,0.46856408
minds,-0.238047
mine,0.071458681
mines,-0.10543791
mini,-0.13090993
miniskirts,-0.10447942
minister,-0.43238253
minor,-0.15827436
minorities,-0.24295922
minors,-0.45038192
minster,0.34763663
minute,-0.15683154
mira,0.74485919
mirror,-1.0849522
miserable,-0.11438677
misogynistic,-0.19027726
miss,0.14521913
missed,-0.36044112
mississippi,-0.12373965
misspelled,-0.15286216
mistake,0.1706996
mistakes,0.076613221
mistreat,-0.34537569
mitch,-0.084366616
mitchmustresign,-0.08386157
mites,-0.47425128
mix,-0.061233493
mixed,0.40788462
mla,-0.19872857
mlk,-0.54108133
mm,-0.18641562
mmyfthe,-0.2299331
mo,0.32631254
mob,0.30882835
mobbing,0.12020949
mode,-0.12892438
model,-0.26468043
moderate,0.37995297
modern,0.30814843
modi,0.23629188
modiexposespak,-0.24771011
modikayaar,-0.28210874
modiscotoughtalk,-0.24771011
moe,-0.08276384
mohamad,-0.22465972
mohamed,0.50647718
mohammad,-0.13246881
mohammed,0.5320939
molar,-0.17382035
molestation,0.26775957
molested,-0.17250478
mollie,0.35033584
molly,-0.28878098
mom,0.092974744
moment,0.34001505
momma,-0.42650514
moms,-0.057076551
monarchists,0.38772493
mondrian,-0.22081356
money,-1.560683
monger,-0.034152587
mongol,0.43700211
mongoloid,-0.67347772
mongols,0.69055647
monk,-0.16366873
monkey,0.94173151
monkeys,0.80112257
monopolize,-0.10156894
monopoly,0.17916692
monotones,0.16555356
monster,-0.14810202
monsters,0.36477892
month,-0.0059395153
months,0.22195953
mood,0.24102496
moon,-0.12200773
moral,-0.24287055
morally,-0.16195597
morals,0.19661655
more,-1.0225217
morning,-0.18672563
moron,-0.06573178
morons,0.54023788
morris,-0.062634781
mosley,0.070749897
mosque,0.32488647
mosques,-0.48969563
mossad,0.32187327
most,-1.524487
mostly,0.157706
mother,-0.43571203
motherfucker,-0.63282278
motherless,-0.055988015
mothers,-0.5874839
motivated,-0.23573319
motivates,-0.19757727
motive,-0.18764949
mount,-0.18650057
mouth,1.2106266
move,-0.82530791
movement,0.54358355
movements,0.30104629
movie,-0.17391366
moving,-0.35610531
mp,0.3985449
mr,-0.27692703
mrtenpercent,-0.019133724
ms,-0.32974954
msd,0.47999548
msm,-0.22081356
msnbc,-0.16077036
mtg,0.26792858
much,-0.48539029
muck,0.14292936
mudslime,0.82577083
mueller,-0.068400713
muellerscoming,-0.10149626
muhammad,0.32400884
mujhe,0.23447682
mulattoes,0.17646208
mule,0.18623485
multicultural,0.43081765
multiple,0.16369744
mum,0.15680063
mumbai,-0.17382035
mumble,-0.30386285
munchers,0.66565097
munt,-0.15428414
murder,2.7927072
murdered,0.33187783
murderer,-2.6051134
murderers,0.088351696
murdering,0.31352448
murderous,-0.09895814
murders,0.78079922
murshidabad,0.43204918
mushroom,-0.11124341
muslim,2.8414422
muslims,0.98181983
muslimsociety,-0.34906257
mussies,0.45792249
must,1.5609342
mutate,0.18623485
mutilate,0.31817983
mutilation,0.35813871
mutts,-0.088775376
mutual,-0.20072481
muzzie,-0.35696814
muzzles,-0.24951294
my,-1.7144005
myanmar,-0.54900954
myanmargenocide,-0.13690635
myself,0.87298951
myth,0.18577143
nadu,-0.43285513
nagar,-0.075089203
nail,-0.096763265
nailed,0.14653153
naive,-0.091282285
naked,-0.3049067
nam,0.23177209
name,0.29557236
named,0.37958387
namely,0.42754077
names,-0.0091103963
namibian,-0.16542584
naming,0.31194136
nasa,-0.17782916
nastiest,-0.39061484
nasty,-0.13225639
nation,1.2155569
national,-0.051751994
nationalities,-0.2783489
nationality,-0.22461245
nationaljohnmccainday,-0.13122525
nationals,0.40716415
nations,1.1128142
native,0.42450074
natives,0.2958957
naturally,0.27435129
nature,-0.90346073
naughty,-0.070527211
nauseated,-0.11521521
nauseous,-0.13123103
navy,0.14221973
nazi,2.1775893
nazis,-0.14375197
nbs,0.30312732
ndtv,-0.31582902
near,0.36417804
nearest,0.44209971
nearly,0.014481222
necessarily,0.50647718
necessary,-0.040941104
neck,-0.28676494
need,0.47177868
needed,-0.36725533
needs,0.72728504
negative,-0.17623566
neglect,0.30729465
neglected,0.32018367
negotiating,-0.089623236
negra,-0.3018864
neighbor,0.084814371
neighborhood,0.86327215
neighboring,0.15336756
neighbors,-0.17455842
neil,-0.33209485
neocons,0.35343102
neophilia,0.38621741
neowwwww,-0.021439237
nerf,-0.15333413
nero,-0.09537274
nerve,-0.39211622
nest,0.49506566
net,-0.90283301
network,-0.3224121
networks,0.55475842
neutral,-0.093383191
never,-0.99802427
neverforgetbenghazi,0.31506832
neverwonafight,-0.1262493
neville,-0.20249629
new,1.0918216
newark,-0.36185468
newk,-0.22913076
newly,-0.23186689
newman,0.12027072
news,0.51144654
newsroom,-0.065758222
newsworthy,0.26500656
next,0.74566969
nfc,0.48539166
nhs,0.2590316
nia,0.1760488
nice,-0.39335846
nicer,0.31194136
nicest,-0.033661098
nicki,-0.13726262
nicolas,-0.57886355
nicolebrownsimpson,-0.18996718
niece,-0.078319076
nigera,-0.60340724
nigeria,0.1760488
nigerian,-0.73288846
nigga,-0.74750287
niggahs,-0.45272599
niggas,-0.12492286
niggaz,-0.27987471
nigger,2.543832
niggers,1.9774653
night,0.15536344
nightmare,-0.19824402
nighttttttttttttttttt,-0.069141798
niglets,0.68767348
nigs,-0.017590121
nikki,-0.158218
nina,0.14324253
nine,-0.09537274
nitesh,0.23447682
nizamuddin,0.35555828
nnamdi,0.610955
no,-0.43573256
noaa,1.2322739
noamnestyever,0.29865619
nobody,-0.067405365
nodacadeal,0.21604414
noguncontrol,-0.2233627
nohr,-0.32091313
noiranwar,-0.11124341
noise,-0.14419602
nominated,-0.080106969
nominee,-0.11512465
nomoredeaths,-0.45038192
nomoregunviolence,-0.18900229
nomoretrump,-0.082610879
nomorewars,-0.18486447
non,1.5939085
nonbelievers,0.14292936
none,-0.4689353
nonsense,-0.091829911
nonsensical,-0.2011869
nonwhites,-0.37683111
nooneisabovethelaw,-0.066114939
nooo,-0.41838618
nope,0.56804717
nor,-0.14172835
normal,-0.32095059
north,-0.25345081
northeast,-0.16483181
northern,-0.29366476
northwestern,-0.05103887
nose,-0.38290132
not,-1.6991637
notable,-0.33405851
notallrefugeesarewelcomehere,0.157706
note,-0.13443499
nothing,0.21973567
notice,0.1294946
notmypresident,-0.29261447
notothewall,-0.18900229
novena,-0.3018864
now,1.4566614
np,-0.057293924
nra,-0.37260527
nrc,-0.18143333
nrcforsecureindia,0.15956521
nrs,0.60404275
nudes,-0.070527211
numb,-0.046017495
number,-0.50362534
nun,-0.40793309
nunki,0.022748876
nuns,-0.22205716
nut,-0.21359877
nuts,0.067178696
nutted,-0.16156762
nyhitsradio,-0.16407069
nz,0.26464061
oak,0.45364252
oakland,0.26792858
oakville,-0.19240042
oasis,-0.072784421
oath,0.00099045399
obama,0.2007081
obamadinajad,-0.16755467
obamas,-0.23186689
obliteration,-0.1098705
oboe,-0.19042176
obs,-0.10144597
observations,-0.046017495
obsessed,-0.24400414
obstruction,-0.19071286
obstructionists,0.55427489
obstructionofjustice,-0.11777103
obtained,-0.07778308
obvious,0.23285867
obviously,-0.26961801
occupant,0.56388162
occupation,-0.27883695
occupying,-0.21662128
occurs,0.26775957
oclock,-0.39887976
ocular,0.42493718
odds,0.35343102
odor,0.082445614
of,2.7007786
off,0.45164297
offend,-0.40208738
offended,0.32500325
offensive,-0.29627215
offer,-0.2860421
office,-0.12825535
officer,-0.088903145
officers,-1.0033419
official,-0.38490084
officially,-0.57976048
officials,0.75715896
often,-0.029634017
ogling,-0.1435543
oh,-0.97340556
ohio,-0.20451202
oil,0.3800657
oj,-0.10917586
ok,-0.8279582
okay,-1.2287835
okayyy,-0.10168676
old,-0.86671012
older,0.50901745
oldmenwithpens,-0.27790336
ole,-0.42676031
olives,-0.16753349
omar,0.36440436
omega,-0.055020672
on,-0.93169982
once,-0.88879886
one,-2.4301156
oneida,-0.39834301
ones,-0.97908931
ongoing,0.31056452
online,0.1125659
only,-2.1102507
onlyattheducksgame,-0.16660948
ontario,-0.19240042
onthehunt,-0.10917586
onto,-0.081970036
ooh,0.32488647
oooh,0.18403466
op,-0.22967918
open,0.7311679
openbordersforisrael,0.26500656
opened,0.46078477
opener,0.46743955
openly,-0.14350157
openness,-0.16934893
opens,-0.34128396
operating,0.19979849
operatives,0.29807652
operators,-0.13122525
opinion,-0.090361661
opinions,0.5372246
opp,-0.38550289
opponents,0.34706877
opportunity,0.12027072
oppose,-0.075089203
opposite,-0.32847282
opposition,-0.22120658
option,-0.54997755
or,0.14656886
orange,-0.14733108
oranges,0.39528889
orban,0.033321719
orbn,0.34763663
order,-0.52374251
ordered,0.2192534
organization,-0.46195374
organizations,-0.16831625
organizers,-0.23677244
orgasm,-0.41440787
originated,-0.11512465
orwell,0.35343102
other,0.83915966
others,2.2584964
otherwise,-0.32273412
our,1.7109446
ourselves,0.15075404
out,-1.3773207
outlying,-0.24715575
outta,-0.17338556
over,0.82917699
overall,-0.17640681
overwhelming,-0.18602694
own,-0.16431709
pack,-0.562466
package,0.21052315
page,-0.46311727
paid,0.47100625
pain,0.96534276
paki,1.3733486
pakis,1.6059647
pakistan,0.37641587
pakistani,0.13537103
pakistanis,0.80210783
palestine,-0.5833247
panic,-0.41968441
panthers,0.95216386
papers,0.64888742
par,-4.2099492e-05
parent,0.32096218
parisattacks,0.19436215
part,-0.47444254
particular,0.66250185
party,0.64152988
pass,-1.0326115
passed,-0.38502312
past,-0.15572878
pathetic,-0.33018542
patients,-0.44736046
patrol,-0.23573319
paving,0.21441604
pay,-0.51259542
paying,0.41478784
peace,0.4151407
pedophile,-0.36668913
pedophiles,0.2616574
peeps,-0.18611907
pelosi,0.13444763
penis,-0.7894893
pensive,-0.19020192
people,3.2033258
perfect,-0.33295194
period,0.56358742
perpetrators,0.023431097
persevering,-0.15811148
person,0.29011892
personal,-0.33981404
personally,-0.35280909
peta,-1.2548034
pets,0.091302701
petty,-0.28411712
phone,-1.172069
phrase,-0.17157575
physical,-0.25816602
physically,-0.070701103
pick,-0.25231065
picture,-0.74160895
pictures,-0.5534681
piece,0.43923463
pigs,-0.62014013
pile,1.3517908
pilot,0.34581015
pimp,0.067670666
piss,0.27096402
pissing,0.39387442
pistol,-0.17354722
pits,-0.3533766
pj,-0.90283301
place,0.65779919
plague,0.77608814
plan,0.37550282
planes,0.43250922
planet,-0.27385598
planned,-0.63196328
planning,-0.34199506
plant,0.63544532
plants,0.64350712
play,-0.86104448
players,0.057698709
playing,0.04097171
please,-0.052750476
plug,0.23535806
plus,0.087280792
pm,-0.70321144
point,0.44780331
pointing,-0.42022271
points,-0.7632571
poison,0.03106334
poland,1.2684076
poles,1.2546357
police,-1.058696
policy,-0.70521222
polish,0.052798074
political,-0.4271337
politically,-0.23573319
politician,-1.2172197
politicians,-0.61842847
politics,-1.3772043
pollutants,0.091302701
pool,-0.39102641
poor,0.18701161
population,-0.18466801
position,-0.40491447
possible,-0.67669292
possibly,-0.34236819
post,-0.11653129
posted,-0.30379271
posting,-0.44944965
posts,-0.38810055
potus,-0.15423185
pouting,-0.43239521
poverty,0.41058312
power,-0.38092236
pray,-0.25041753
pre,-0.44386623
preach,0.26495152
predator,-0.76998282
prefer,-0.5808464
pregnancy,-0.36257467
pregnant,-0.089778094
present,-0.47886412
preserve,0.075251706
president,0.0056747439
presidential,-0.1961914
press,-0.1644598
pretenses,-0.17640681
pretentious,-0.63090095
pretty,-0.07047852
prevent,0.029431323
preventable,0.752139
price,-0.31672782
prick,0.34977824
pride,0.7453424
prime,-0.42792803
princess,1.7010103
prison,-0.050837725
prisoners,-0.020679559
privilege,1.0486934
probably,-0.38429895
problem,1.4848511
processing,0.054969648
products,-0.05063538
profession,-0.31550779
professional,-0.21654298
professor,1.5059515
profit,-0.42693051
program,-0.67742195
progress,-0.04561165
progressive,-0.25317378
promise,-0.32749441
promote,0.23506442
promotion,-0.30547053
proof,-0.36279696
propaganda,-0.72387458
property,0.29503219
prosecute,0.041317868
prosecutors,-0.72325469
protect,0.82829184
protest,-0.1875202
protested,0.45683405
protesters,0.402375
protesting,-0.4079984
protests,0.71660268
proud,-0.54867166
prove,-0.31048183
provide,-0.12819083
pseudo,-0.029615044
psycho,0.41498496
public,0.42833359
publicly,0.63965121
pull,-0.29053416
pulled,0.4915508
punch,0.13803303
punched,-0.18138442
punishment,-0.33280312
pure,-0.070309742
purge,-1.1630271
purity,0.87026985
purpose,1.2707552
pussy,-1.4002581
put,-0.52545349
putinspuppet,-0.247684
putting,-0.32354031
qaeda,-0.18096984
qanon,-0.41074339
qualify,0.10045861
question,-0.20379248
questions,-0.85901482
quit,0.0054197792
quite,0.046683789
quoted,-0.20525777
quran,2.1778095
race,2.3210231
races,0.82927106
racial,0.67030567
racism,0.071212615
racist,-1.12636
racists,-0.68383464
radical,0.35158045
rag,1.1724936
raid,-0.17640681
raids,-0.17640681
rainbow,-0.36692615
raise,0.76303227
raised,-0.054576561
rallies,0.19431096
ram,0.098532246
rama,1.0462068
ramadan,0.29359766
ran,0.83805163
random,0.24760929
rape,1.8696752
raped,0.65426415
rapefugee,1.7704308
rapefugees,0.2616574
rapes,2.0807132
raping,0.17238597
rapist,-1.0613694
rapists,1.0407531
rat,-0.8850809
rather,1.6849095
rats,-0.48646711
raw,-0.4804227
re,0.90628231
read,0.18124067
reading,0.28238875
ready,-0.04173626
real,0.13695715
reality,-0.048989857
realize,0.35294252
realized,-0.29577624
really,0.26849137
reason,-0.012727391
reasons,0.17657779
rebuilding,-0.47335955
record,0.20584132
red,0.34700811
rednationrising,0.18956001
referring,-0.011381068
refugee,-0.77872156
refugees,1.1353675
refugeesnotwelcome,0.8440859
refuse,-0.43912353
regardless,0.047578179
relations,0.46576129
released,-0.15910435
relevant,-0.34822589
religion,0.2747022
religionofpeace,0.2616574
religious,0.26202755
remain,-0.22477307
remember,-0.71603458
remembered,-0.22721263
remove,-0.23268018
removed,0.49989704
repatriation,-0.5427846
repeatedly,-0.1694789
replacement,0.60165382
reply,-0.25827814
report,-0.58948805
reported,-0.29777801
reproduce,0.61866555
republican,-0.055084332
republicans,0.49488267
rescued,0.18432446
rescuing,0.31328128
resentful,1.8304199
resign,-0.30667765
resist,-0.91544849
resistance,-0.47709545
resisters,-0.093980267
resources,0.079269564
respect,0.084932017
respond,-0.15034097
response,-0.053619308
responsible,-0.4669203
rest,0.98376117
restaurant,0.13394947
restored,-0.49007317
resulting,0.091302701
retard,-2.4646215
retarded,-2.72503
return,0.10477
returned,0.26767305
returns,0.015567957
retweet,1.4424912
rich,-0.37929409
rick,0.10231773
rid,1.0512771
ride,-0.18619949
ridiculous,-0.6905911
riding,-0.24855907
right,1.2140928
righteous,0.071215038
rights,1.5785901
ring,-0.06691165
river,0.45381489
road,-0.79390496
rob,0.23410139
rohingya,-0.82262325
role,0.18822115
rolling,-0.34212197
rolls,-0.16755467
room,-0.040650379
rot,-0.41273159
rss,-0.35438208
rt,-0.2748483
rubbish,0.11994807
rude,-0.8555628
rule,0.57170082
rules,-0.78357225
ruling,0.19729216
rum,-0.22186345
run,-0.38504012
running,0.34371365
runs,-0.25818889
russia,0.060656772
russian,1.4939679
russianasset,-0.2305276
sack,-0.42309612
sad,-1.0373192
safe,-0.49329069
said,-1.1859305
salman,0.31328128
same,1.2048314
san,0.1238343
sanctuary,-0.18320476
saudi,-0.78210486
savages,0.24365438
save,-0.44362707
saves,0.14550562
savethedoctors,-0.28463021
saw,-0.019197444
say,-1.7849861
saying,-0.5407165
says,-1.1477783
scam,-0.29304447
scared,-0.73783245
scenario,0.40007696
scene,0.12508752
school,-0.021514652
schools,-0.099880771
scot,-0.31758534
scott,-0.16755467
screen,-0.2866881
screenshot,0.016922139
scrolled,-0.17723261
scum,1.0994989
scumbag,0.84258387
season,-0.47271123
second,0.51938831
seconds,-0.26504322
section,-0.81710327
securetheborder,0.63167491
security,0.68138678
see,3.8288351
seeing,-0.92206404
seekers,1.0096746
seem,0.10793665
seems,-0.25210692
seen,0.35896948
sees,-0.3353806
self,0.88068864
sell,-0.64950595
selves,0.1942858
sen,0.40007696
send,-0.32254872
sendthemback,2.1554919
sendthemhome,0.61553019
sense,0.61001914
senseless,-0.30618507
sent,0.18079348
sentenced,0.25926001
serial,-0.65208775
series,-1.4576855
serious,0.52037808
seriously,-0.17012198
servants,0.42789372
served,0.10758289
service,0.45205037
services,0.59203607
serving,-0.11257251
servitude,0.073838864
set,-0.1423554
settle,-0.065520384
several,-0.023688716
sex,-0.35964909
sexual,-0.31007492
sexually,-0.54247753
sexy,-0.19391978
shadow,0.63084062
shaking,0.80631375
shall,0.44341051
shame,1.0413458
shameless,-0.52894977
sharia,-0.16469446
sharing,0.11300718
shark,-0.28928116
she,-1.6858148
shelters,0.091302701
ship,-1.094742
ships,0.69567385
shirt,-0.33841524
shit,-1.3550584
shithole,1.3129402
shoes,-0.28270974
shoot,3.627437
shooting,-0.29714081
shop,-0.67525306
short,-0.3867677
shot,0.68827934
shots,-0.40035509
should,3.9813836
shoulder,0.16469953
shout,0.10989313
shouting,-0.18734424
shove,-0.065727959
shoved,-0.15963066
show,-0.80164749
showed,-0.34850218
shows,-0.73376205
shrugging,-0.30596945
shut,-1.1265398
sick,0.47319267
side,-0.67862224
sight,0.16920382
sign,-0.3982621
signed,-0.27379376
signs,0.14769913
sikh,-0.15758314
silent,0.00023216683
silly,0.92028809
simple,0.59532637
simply,0.1503423
simpson,-0.24446998
since,-0.31208095
sindbad,0.55363262
sing,-0.41483612
single,0.19756068
sir,-0.45759613
sister,0.35196294
sisters,-0.47423356
situations,-0.48186382
size,0.16302015
skank,2.3235331
skanks,-0.48408588
skin,-0.70835631
skinned,0.17197224
skirt,-0.22418296
skull,-0.27243867
sky,0.14345105
slag,0.75467533
slander,0.25967386
slap,0.29503696
slaps,0.10972295
slaughter,0.96599528
slaughtered,-0.019828189
sleeve,-0.1240202
slimy,-0.22511931
slut,-0.31771882
sluts,-0.70486446
smack,-0.21547174
small,-0.31776163
smell,0.16105567
smiley,-0.37696463
smiling,0.46785855
smirking,-0.22113103
smoking,-0.28491222
snazzier,0.78532048
so,1.365441
social,-0.77705807
socialist,0.4851845
society,1.9359963
sociopath,-0.23192457
sold,-0.38609275
soldiers,0.20032829
solid,-0.24801596
solution,0.019943783
somalia,0.50347018
some,-1.7718366
somebody,0.82850321
someone,1.0498912
something,-1.3714395
sometimes,-0.26166517
son,-0.089419292
soon,-0.97120044
soros,0.77751178
sorry,-1.4432968
soul,0.20354173
sound,0.80524155
sounds,-0.32869812
south,0.12654009
southern,0.68149535
space,0.12097003
spain,-0.12741455
spare,0.53589198
speak,-0.63961211
speaker,-0.28572295
speaking,-0.16741307
special,0.0068082225
specially,0.020761403
species,0.29638326
speech,-0.25899366
spell,-0.078641539
spend,-0.10565477
spic,0.033065021
spicy,-0.21742294
spiders,-0.48646711
spin,-0.222369
spirit,-0.5031515
spit,-0.17328724
sport,0.24311444
spurs,-0.044144068
squinting,-0.077601583
stab,2.3446024
stabbed,0.2988504
stadium,-0.23294442
staff,-0.13790777
stake,0.26050759
stand,-0.56566609
stanislav,0.41046255
star,-0.95246664
start,-1.4539875
started,0.94317226
starting,1.1204022
starving,-0.19271675
state,-0.2664312
statement,-0.35926821
states,-0.69471474
stay,-1.2934798
steal,0.81346879
steele,-0.19492299
step,0.31029398
stfu,-0.2414434
stick,-0.14723844
sticking,1.0007831
still,-1.4069163
stink,-0.27021411
stole,0.20162035
stolen,-0.44658828
stomp,0.41108621
stood,-0.14177166
stop,-0.15490607
stopped,-0.38526928
stoptheinvasion,1.2288742
stopwhitegenocide,0.37954691
store,0.047880429
story,-0.56141576
straight,-0.59008341
strategy,-0.10277055
street,-0.31628723
streets,0.99796501
streetwear,-0.1240202
strength,0.035985617
strike,0.26049458
stroke,0.6800484
strong,-0.22431402
strongly,0.049297197
stuck,-0.25990552
student,-0.29577221
students,-0.4394088
study,-0.13388559
stuff,-1.2046182
stuffed,0.18463151
stupid,-2.1233228
stupidity,-0.25779693
style,-0.35515971
subhuman,1.3072701
submissive,-0.18731438
submit,0.38425194
submitting,0.073838864
subway,0.62142792
success,0.39590266
successful,0.14666255
such,2.1772753
suck,0.92558873
sucker,0.68818445
sucking,-0.050835309
sucks,1.5937905
sudden,-0.38078572
sued,0.042959974
suffer,0.33737344
suicide,0.74507956
sum,-0.29589166
summer,-0.26479635
sundaymorning,0.53243833
sunglasses,0.39610427
superior,0.74688446
superman,-0.32646882
support,0.59150298
supporter,0.18043341
supporters,-0.36166132
supporting,0.32088517
supportive,-0.73891037
supports,0.12973223
supposed,-0.78478008
suppress,-0.16366873
supremacy,-0.50823896
sure,0.16704673
surgery,0.28385991
surgical,0.59551372
surprise,0.3322909
surprised,0.41150657
surrounded,0.3797545
survive,0.57097423
suspect,0.32890468
suspended,-0.20936911
swear,0.36553161
sweden,1.2850201
sweet,0.018172192
switch,0.45070342
syria,0.77415649
ta,1.7759656
take,1.3067239
taker,-0.090169366
takes,-0.28830666
taking,-0.56819696
taliban,-0.40015033
talk,-0.5186116
talked,-0.26064067
talking,-1.0272004
targeting,-0.36346879
tarzan,0.31159777
taste,0.10279108
taught,0.26337184
tax,-0.52679555
taxes,-0.33245898
taxpayers,0.44459325
tea,0.46657391
teacher,0.21100624
team,-1.0203374
tears,-1.4507612
teen,0.63816971
teeth,-0.24619175
television,-0.52171681
tell,-0.56587808
telling,-0.1714178
tells,-0.3839513
temple,0.76289703
term,0.7861562
terms,-0.34005138
terror,0.042156167
terrorism,0.49919469
terrorist,1.0811014
terroristnationpakistan,0.56038003
terrorists,1.339366
texas,-0.26080665
text,-0.32406512
than,0.97460709
thank,1.6576969
thanks,-0.43565445
that,-2.035115
thats,-1.0832435
the,1.1630196
their,0.92535842
thejuiceisloose,-0.24446998
them,2.3419229
themselves,0.55252687
then,-1.5741137
there,0.074785506
these,0.7192531
thesis,0.10045861
they,2.009667
thief,-0.39495856
thieves,0.1280412
thing,0.63551362
things,0.37715502
think,-1.6032368
thinking,0.49344429
thinks,0.066944773
this,0.74332469
those,2.7844474
thou,-0.34505712
though,-0.73461558
thought,-0.50555843
thousands,0.57400676
threat,0.97494865
threatens,-0.21086275
three,0.32682464
throat,0.53266938
through,-1.1421834
throw,0.767824
throwing,-0.2727342
thugs,0.51889094
thumbs,-0.23311042
tic,0.090446451
tickets,0.36585293
till,0.034830139
time,0.65521958
times,0.20995187
tip,0.34828276
tired,-0.16693844
tits,0.58812022
tm,-0.2747376
tmc,0.26363849
to,-0.83643143
today,-0.080078975
together,0.012680132
told,-1.3692941
tone,-1.1407618
tongue,-0.20660606
tonight,-0.31756046
too,-0.05335226
took,0.41331866
tool,0.10868361
top,-0.076839103
tories,0.35583858
torn,0.43182369
toronto,0.5512823
torture,0.066256675
tory,-0.44084491
totally,1.3538539
touch,0.50625556
tough,-0.64050747
toward,-0.18776412
towards,0.009192123
towel,0.84696795
town,0.24183763
towns,0.28127099
toxic,-0.24400272
trade,0.16999504
tradition,0.097961424
traditions,-0.23573319
traffickers,-0.58321143
trafficking,0.13431755
trailer,0.4501158
train,0.53577613
training,-0.35866337
traitor,-0.27091306
trans,0.58030472
trash,0.20895057
treason,-0.80083383
treasonous,-0.12251206
treat,-0.10228476
treatment,0.55397054
trial,-0.28898798
trick,-0.25987042
tried,-0.91543582
tries,0.28798355
trip,-0.30267957
tripping,-0.27970307
trolls,-0.045969717
trouble,0.26844751
true,0.085973843
trump,-2.9954383
trumpcrimefamily,-0.59190578
trumpisadisgrace,-0.19260964
trumpisamoron,-0.27672657
trumpisanationalsecuritythreat,-0.29555428
trumpisatraitor,-4.213848
trumpistheenemyofthepeople,-0.36887271
trumpmustresign,-0.58685837
trumprussia,-0.17878761
trumps,-0.24161941
trumpsaninternationaldisgrace,-0.24017754
trumpsworsethannixon,-0.18742205
trust,0.39396503
trusted,-0.16384449
truth,-0.3179658
try,-0.26097927
trying,0.23388254
tube,-0.34608015
turn,0.5881055
turned,0.1186005
tv,-0.21369017
twat,-0.50101881
tweet,-0.83968714
tweeted,-0.3917894
tweeting,-0.28159036
twice,1.3902055
twinkle,-0.33506042
twisted,0.27562951
twitter,-0.24629359
two,-0.51311742
type,-0.41254342
typing,0.40347073
ugh,-0.44258307
ugliest,-0.06819839
ugly,0.39834793
uh,-0.37475067
uk,0.99736672
un,-0.022065293
unable,0.20643201
unaccompanied,-0.066483775
unamused,0.10442606
unbearable,-0.39271076
unblock,0.58908168
uncouth,0.092370368
under,0.83256898
undermined,0.090446451
understand,-0.68124669
understood,-0.36686105
undocumented,1.149861
uneducated,0.56181947
unfittobepresident,-0.25103421
unfollowed,-0.15252927
unfortunately,0.20363602
ungrateful,0.51565641
union,-0.46455392
unisex,-0.1240202
unite,-0.62832015
united,0.32209569
unleashes,0.20309952
unless,-0.67203544
unlike,-0.38452983
unsafe,-0.60908058
until,-0.44473061
up,-0.65754692
update,0.045135383
upset,-0.4889748
us,1.0632207
usa,0.016088768
use,0.59034598
used,-0.17214506
useless,1.1874871
users,-0.36688945
using,-0.82197226
usually,0.29204672
utter,0.34894
vaccine,0.036485332
vagina,-0.5987977
values,0.92689635
verify,-0.23573319
vermin,-0.038064852
versus,-0.16173364
very,-1.707693
vet,-0.52861269
vets,-0.28641805
via,1.8021896
vibe,-1.7459915
victim,-0.78286271
victims,-0.0070414728
video,-0.79541649
videos,-0.48157083
view,-0.52983224
views,0.23024329
vile,-0.81689303
violence,-0.0089162377
violent,0.85970286
violently,0.40837545
visa,0.39404839
visas,-0.23573319
visit,0.60207988
voice,-0.063072672
volatile,-0.49066527
volume,-0.28572295
votary,-0.0090300733
vote,1.1181239
votebluetosaveamerica,-0.14148016
voter,-0.16755467
voters,0.030156336
votes,-0.33885518
voting,0.31026866
vulnerable,-0.3118261
wait,-0.80004546
waiter,0.44897648
waiting,-0.59070067
wake,0.26927601
wakeupamerica,0.57387469
waking,0.42568618
walk,-0.20861409
walkaway,1.0237373
walking,0.13391781
wall,0.011423135
walmart,-0.88988322
wannabe,0.10045861
want,-0.067083149
wanted,1.6586971
wanting,-0.096406972
wants,0.6575572
war,1.1330344
warm,-0.30232554
was,0.34675567
waste,0.67431944
wasting,-0.51332251
watch,-0.78177912
watched,-0.40434686
watching,-0.19002618
water,-0.22091722
waters,0.16650112
waving,-0.24273025
way,-1.3390704
ways,0.049652402
we,0.2102309
weak,0.80308841
weapons,0.45190009
wear,-0.3557423
weary,-0.23192293
web,-0.24301042
weed,-0.3117569
week,-0.96039948
weekend,-0.28331647
weight,0.27175895
weinstein,-0.50885913
weird,0.16279916
welcome,0.3830837
welfare,0.14710505
well,-0.74385695
went,0.088649661
were,-1.0705148
west,-0.10519182
western,0.93549777
wet,-0.12222298
whack,-0.47243632
what,-1.680303
whatever,1.2122065
when,-2.5292554
where,1.0589526
whether,-0.41558096
which,-0.1035646
while,0.41486429
whilst,-0.46779594
whiners,-0.15128815
white,3.7710732
whitelivesmatter,0.36478377
whites,0.86127597
who,-0.53604221
whoever,0.091161242
whole,-0.96789034
whom,-0.20151959
whore,-0.2336924
whores,0.98129049
whose,0.646481
why,1.2618754
wicked,-0.32000869
widely,-0.55912163
wife,-0.31563
wild,-0.50662267
wildlife,0.60894744
will,0.74037644
williams,0.27250452
willing,-0.22348054
win,-0.59503947
wing,0.42320609
winking,-0.15602763
wish,0.74398871
wishing,-0.83270267
with,0.12041806
within,-0.22643574
without,0.76353377
witnessed,-0.08057412
wives,0.46434225
woke,-0.17359866
woman,-0.98555241
women,1.404676
won,0.50094885
wonder,-0.086067824
wondering,-0.34873992
wont,-0.46893238
woohoo,0.50744952
words,-0.32835635
wordsmith,-0.35866337
work,-1.1278247
worked,0.27931694
workers,-0.36029229
working,0.32608755
works,-0.53955795
world,2.6020898
worldwide,-0.099585794
worry,-0.51541996
worse,-0.29488869
worship,0.37995297
worshipers,0.41782228
worst,0.48694347
worstpresidentever,-0.3092144
worstpresidentinhistory,-0.28234719
worth,-0.23981603
worthless,0.12735931
would,1.1011626
wouldnt,-0.33506268
wow,0.23701618
write,-0.41477239
writes,-0.12218054
writing,0.93755074
written,0.10078111
wrong,-0.50650825
wrote,-0.08584984
wtf,-0.31730684
ya,-0.55842287
yall,-0.27217647
yeah,0.1177869
year,-0.49927062
years,1.5574988
yes,-1.6802603
yesterday,0.030043709
yet,0.53818166
yobbo,-0.38477398
york,0.11840702
you,-1.5329435
young,-0.45161967
your,-0.4380425
youre,-0.56754762
yours,-0.064645912
yourself,2.4622027
yourselves,0.81184747
youth,-0.070280516
youtube,-0.21013154
youve,-0.091829911
yr,-0.26531914
yrs,-0.1661743
yucky,0.31194136
yuki,-0.096739973
yulindogmeatfestival,-0.22967918
yulinfestival,-0.19860862
yuri,-0.16226444
zach,0.51358753
zealot,0.12027072
zealots,0.14292936
zero,-0.42314157
zoo,0.3290112
zoos,-0.051194854
