run_id,technique,config_index,selection_metric,fit_seconds,num_features_fit,max_features,ngram_range,min_df,max_df,sublinear_tf,C,class_weight,validation_threshold,validation_support,validation_positive_support,validation_negative_support,validation_positive_rate,validation_accuracy,validation_balanced_accuracy,validation_positive_precision,validation_positive_recall,validation_positive_f1,validation_macro_f1,validation_weighted_f1,validation_roc_auc,validation_pr_auc,validation_brier_score,validation_tn,validation_fp,validation_fn,validation_tp,validation_false_positive_rate,validation_false_negative_rate
LOG-REG_TF-IDF_20260620_215400,LOG-REG_TF-IDF,3,validation_positive_f1,1.4965136051177979,6297,10000,"[1, 1]",1,0.95,True,1.0,,0.46,450,209,241,0.46444444444444444,0.8577777777777778,0.8602314915920506,0.8165938864628821,0.8947368421052632,0.8538812785388128,0.8576765700053371,0.8579464573985123,0.9108578689273163,0.899521485612267,0.13290128440078136,199,42,22,187,0.17427385892116182,0.10526315789473684
LOG-REG_TF-IDF_20260620_215400,LOG-REG_TF-IDF,75,validation_positive_f1,1.4244349002838135,6297,20000,"[1, 1]",1,0.95,True,1.0,,0.46,450,209,241,0.46444444444444444,0.8577777777777778,0.8602314915920506,0.8165938864628821,0.8947368421052632,0.8538812785388128,0.8576765700053371,0.8579464573985123,0.9108578689273163,0.899521485612267,0.13290128440078136,199,42,22,187,0.17427385892116182,0.10526315789473684
LOG-REG_TF-IDF_20260620_215400,LOG-REG_TF-IDF,147,validation_positive_f1,1.4628069400787354,6297,50000,"[1, 1]",1,0.95,True,1.0,,0.46,450,209,241,0.46444444444444444,0.8577777777777778,0.8602314915920506,0.8165938864628821,0.8947368421052632,0.8538812785388128,0.8576765700053371,0.8579464573985123,0.9108578689273163,0.899521485612267,0.13290128440078136,199,42,22,187,0.17427385892116182,0.10526315789473684
LOG-REG_TF-IDF_20260620_215400,LOG-REG_TF-IDF,12,validation_positive_f1,1.4670801162719727,2674,10000,"[1, 1]",2,0.95,True,1.0,balanced,0.51,450,209,241,0.46444444444444444,0.86,0.8610355575850226,0.8318181818181818,0.8755980861244019,0.8531468531468531,0.8596944456817068,0.8601600522619631,0.9101828505628462,0.8981808201957111,0.13215976500474988,204,37,26,183,0.15352697095435686,0.12440191387559808
LOG-REG_TF-IDF_20260620_215400,LOG-REG_TF-IDF,84,validation_positive_f1,1.4490478038787842,2674,20000,"[1, 1]",2,0.95,True,1.0,balanced,0.51,450,209,241,0.46444444444444444,0.86,0.8610355575850226,0.8318181818181818,0.8755980861244019,0.8531468531468531,0.8596944456817068,0.8601600522619631,0.9101828505628462,0.8981808201957111,0.13215976500474988,204,37,26,183,0.15352697095435686,0.12440191387559808
LOG-REG_TF-IDF_20260620_215400,LOG-REG_TF-IDF,156,validation_positive_f1,1.4691870212554932,2674,50000,"[1, 1]",2,0.95,True,1.0,balanced,0.51,450,209,241,0.46444444444444444,0.86,0.8610355575850226,0.8318181818181818,0.8755980861244019,0.8531468531468531,0.8596944456817068,0.8601600522619631,0.9101828505628462,0.8981808201957111,0.13215976500474988,204,37,26,183,0.15352697095435686,0.12440191387559808
LOG-REG_TF-IDF_20260620_215400,LOG-REG_TF-IDF,11,validation_positive_f1,1.502225399017334,2674,10000,"[1, 1]",2,0.95,True,1.0,,0.48000000000000004,450,209,241,0.46444444444444444,0.86,0.8610355575850226,0.8318181818181818,0.8755980861244019,0.8531468531468531,0.8596944456817068,0.8601600522619631,0.9100637296749985,0.8980245268898878,0.13173277445660447,204,37,26,183,0.15352697095435686,0.12440191387559808
LOG-REG_TF-IDF_20260620_215400,LOG-REG_TF-IDF,83,validation_positive_f1,1.4497365951538086,2674,20000,"[1, 1]",2,0.95,True,1.0,,0.48000000000000004,450,209,241,0.46444444444444444,0.86,0.8610355575850226,0.8318181818181818,0.8755980861244019,0.8531468531468531,0.8596944456817068,0.8601600522619631,0.9100637296749985,0.8980245268898878,0.13173277445660447,204,37,26,183,0.15352697095435686,0.12440191387559808
LOG-REG_TF-IDF_20260620_215400,LOG-REG_TF-IDF,155,validation_positive_f1,1.5036110877990723,2674,50000,"[1, 1]",2,0.95,True,1.0,,0.48000000000000004,450,209,241,0.46444444444444444,0.86,0.8610355575850226,0.8318181818181818,0.8755980861244019,0.8531468531468531,0.8596944456817068,0.8601600522619631,0.9100637296749985,0.8980245268898878,0.13173277445660447,204,37,26,183,0.15352697095435686,0.12440191387559808
LOG-REG_TF-IDF_20260620_215400,LOG-REG_TF-IDF,4,validation_positive_f1,1.5350613594055176,6297,10000,"[1, 1]",1,0.95,True,1.0,balanced,0.48000000000000004,450,209,241,0.46444444444444444,0.8555555555555555,0.8584744584962973,0.8103448275862069,0.8995215311004785,0.8526077097505669,0.8554977546574185,0.8557032689619057,0.9111358176656277,0.8998215372467151,0.1333387162025256,197,44,21,188,0.1825726141078838,0.10047846889952153
LOG-REG_TF-IDF_20260620_215400,LOG-REG_TF-IDF,76,validation_positive_f1,1.4407241344451904,6297,20000,"[1, 1]",1,0.95,True,1.0,balanced,0.48000000000000004,450,209,241,0.46444444444444444,0.8555555555555555,0.8584744584962973,0.8103448275862069,0.8995215311004785,0.8526077097505669,0.8554977546574185,0.8557032689619057,0.9111358176656277,0.8998215372467151,0.1333387162025256,197,44,21,188,0.1825726141078838,0.10047846889952153
LOG-REG_TF-IDF_20260620_215400,LOG-REG_TF-IDF,148,validation_positive_f1,1.5151863098144531,6297,50000,"[1, 1]",1,0.95,True,1.0,balanced,0.48000000000000004,450,209,241,0.46444444444444444,0.8555555555555555,0.8584744584962973,0.8103448275862069,0.8995215311004785,0.8526077097505669,0.8554977546574185,0.8557032689619057,0.9111358176656277,0.8998215372467151,0.1333387162025256,197,44,21,188,0.1825726141078838,0.10047846889952153
LOG-REG_TF-IDF_20260620_215400,LOG-REG_TF-IDF,6,validation_positive_f1,1.476405143737793,6297,10000,"[1, 1]",1,0.95,True,3.0,balanced,0.52,450,209,241,0.46444444444444444,0.8533333333333334,0.8535408683912724,0.8325581395348837,0.8564593301435407,0.8443396226415094,0.8528420802283178,0.8534466994344908,0.9104806527824655,0.8999585023346665,0.1240216429580147,205,36,30,179,0.14937759336099585,0.14354066985645933
LOG-REG_TF-IDF_20260620_215400,LOG-REG_TF-IDF,78,validation_positive_f1,1.4340050220489502,6297,20000,"[1, 1]",1,0.95,True,3.0,balanced,0.52,450,209,241,0.46444444444444444,0.8533333333333334,0.8535408683912724,0.8325581395348837,0.8564593301435407,0.8443396226415094,0.8528420802283178,0.8534466994344908,0.9104806527824655,0.8999585023346665,0.1240216429580147,205,36,30,179,0.14937759336099585,0.14354066985645933
LOG-REG_TF-IDF_20260620_215400,LOG-REG_TF-IDF,150,validation_positive_f1,1.4745707511901855,6297,50000,"[1, 1]",1,0.95,True,3.0,balanced,0.52,450,209,241,0.46444444444444444,0.8533333333333334,0.8535408683912724,0.8325581395348837,0.8564593301435407,0.8443396226415094,0.8528420802283178,0.8534466994344908,0.9104806527824655,0.8999585023346665,0.1240216429580147,205,36,30,179,0.14937759336099585,0.14354066985645933
LOG-REG_TF-IDF_20260620_215400,LOG-REG_TF-IDF,5,validation_positive_f1,1.4977777004241943,6297,10000,"[1, 1]",1,0.95,True,3.0,,0.48000000000000004,450,209,241,0.46444444444444444,0.8511111111111112,0.8517838352955192,0.8256880733944955,0.861244019138756,0.8430913348946136,0.8507211431344104,0.8512637072759071,0.9103019714506938,0.8997304903642926,0.12362830075378838,203,38,29,180,0.15767634854771784,0.13875598086124402
LOG-REG_TF-IDF_20260620_215400,LOG-REG_TF-IDF,77,validation_positive_f1,1.4415974617004395,6297,20000,"[1, 1]",1,0.95,True,3.0,,0.48000000000000004,450,209,241,0.46444444444444444,0.8511111111111112,0.8517838352955192,0.8256880733944955,0.861244019138756,0.8430913348946136,0.8507211431344104,0.8512637072759071,0.9103019714506938,0.8997304903642926,0.12362830075378838,203,38,29,180,0.15767634854771784,0.13875598086124402
LOG-REG_TF-IDF_20260620_215400,LOG-REG_TF-IDF,149,validation_positive_f1,1.4693429470062256,6297,50000,"[1, 1]",1,0.95,True,3.0,,0.48000000000000004,450,209,241,0.46444444444444444,0.8511111111111112,0.8517838352955192,0.8256880733944955,0.861244019138756,0.8430913348946136,0.8507211431344104,0.8512637072759071,0.9103019714506938,0.8997304903642926,0.12362830075378838,203,38,29,180,0.15767634854771784,0.13875598086124402
LOG-REG_TF-IDF_20260620_215400,LOG-REG_TF-IDF,13,validation_positive_f1,1.483473539352417,2674,10000,"[1, 1]",2,0.95,True,3.0,,0.48000000000000004,450,209,241,0.46444444444444444,0.8511111111111112,0.8517838352955192,0.8256880733944955,0.861244019138756,0.8430913348946136,0.8507211431344104,0.8512637072759071,0.9088526673152137,0.8965378468756822,0.12428628536973012,203,38,29,180,0.15767634854771784,0.13875598086124402
LOG-REG_TF-IDF_20260620_215400,LOG-REG_TF-IDF,85,validation_positive_f1,1.438429355621338,2674,20000,"[1, 1]",2,0.95,True,3.0,,0.48000000000000004,450,209,241,0.46444444444444444,0.8511111111111112,0.8517838352955192,0.8256880733944955,0.861244019138756,0.8430913348946136,0.8507211431344104,0.8512637072759071,0.9088526673152137,0.8965378468756822,0.12428628536973012,203,38,29,180,0.15767634854771784,0.13875598086124402
LOG-REG_TF-IDF_20260620_215400,LOG-REG_TF-IDF,157,validation_positive_f1,1.454716444015503,2674,50000,"[1, 1]",2,0.95,True,3.0,,0.48000000000000004,450,209,241,0.46444444444444444,0.8511111111111112,0.8517838352955192,0.8256880733944955,0.861244019138756,0.8430913348946136,0.8507211431344104,0.8512637072759071,0.9088526673152137,0.8965378468756822,0.12428628536973012,203,38,29,180,0.15767634854771784,0.13875598086124402
LOG-REG_TF-IDF_20260620_215400,LOG-REG_TF-IDF,14,validation_positive_f1,1.4923436641693115,2674,10000,"[1, 1]",2,0.95,True,3.0,balanced,0.5,450,209,241,0.46444444444444444,0.8466666666666667,0.8476344577021582,0.8181818181818182,0.861244019138756,0.8391608391608392,0.8463320119371075,0.8468419620011977,0.9090313486469852,0.8966863105999335,0.12458804201919624,201,40,29,180,0.16597510373443983,0.13875598086124402
LOG-REG_TF-IDF_20260620_215400,LOG-REG_TF-IDF,86,validation_positive_f1,1.4907054901123047,2674,20000,"[1, 1]",2,0.95,True,3.0,balanced,0.5,450,209,241,0.46444444444444444,0.8466666666666667,0.8476344577021582,0.8181818181818182,0.861244019138756,0.8391608391608392,0.8463320119371075,0.8468419620011977,0.9090313486469852,0.8966863105999335,0.12458804201919624,201,40,29,180,0.16597510373443983,0.13875598086124402
LOG-REG_TF-IDF_20260620_215400,LOG-REG_TF-IDF,158,validation_positive_f1,1.4804339408874512,2674,50000,"[1, 1]",2,0.95,True,3.0,balanced,0.5,450,209,241,0.46444444444444444,0.8466666666666667,0.8476344577021582,0.8181818181818182,0.861244019138756,0.8391608391608392,0.8463320119371075,0.8468419620011977,0.9090313486469852,0.8966863105999335,0.12458804201919624,201,40,29,180,0.16597510373443983,0.13875598086124402
LOG-REG_TF-IDF_20260620_215400,LOG-REG_TF-IDF,20,validation_positive_f1,1.4788737297058105,1044,10000,"[1, 1]",5,0.95,True,1.0,balanced,0.51,450,209,241,0.46444444444444444,0.8444444444444444,0.8452421132045504,0.817351598173516,0.8564593301435407,0.8364485981308412,0.8440717566925392,0.8446138479680376,0.9060533264507932,0.8909255232866939,0.13179075797884052,201,40,30,179,0.16597510373443983,0.14354066985645933
LOG-REG_TF-IDF_20260620_215400,LOG-REG_TF-IDF,92,validation_positive_f1,1.4453303813934326,1044,20000,"[1, 1]",5,0.95,True,1.0,balanced,0.51,450,209,241,0.46444444444444444,0.8444444444444444,0.8452421132045504,0.817351598173516,0.8564593301435407,0.8364485981308412,0.8440717566925392,0.8446138479680376,0.9060533264507932,0.8909255232866939,0.13179075797884052,201,40,30,179,0.16597510373443983,0.14354066985645933
LOG-REG_TF-IDF_20260620_215400,LOG-REG_TF-IDF,164,validation_positive_f1,1.4341881275177002,1044,50000,"[1, 1]",5,0.95,True,1.0,balanced,0.51,450,209,241,0.46444444444444444,0.8444444444444444,0.8452421132045504,0.817351598173516,0.8564593301435407,0.8364485981308412,0.8440717566925392,0.8446138479680376,0.9060533264507932,0.8909255232866939,0.13179075797884052,201,40,30,179,0.16597510373443983,0.14354066985645933
LOG-REG_TF-IDF_20260620_215400,LOG-REG_TF-IDF,19,validation_positive_f1,1.4675383567810059,1044,10000,"[1, 1]",5,0.95,True,1.0,,0.48000000000000004,450,209,241,0.46444444444444444,0.8444444444444444,0.8452421132045504,0.817351598173516,0.8564593301435407,0.8364485981308412,0.8440717566925392,0.8446138479680376,0.9056562568246341,0.8906141436258479,0.13152945298726454,201,40,30,179,0.16597510373443983,0.14354066985645933
LOG-REG_TF-IDF_20260620_215400,LOG-REG_TF-IDF,91,validation_positive_f1,1.441347360610962,1044,20000,"[1, 1]",5,0.95,True,1.0,,0.48000000000000004,450,209,241,0.46444444444444444,0.8444444444444444,0.8452421132045504,0.817351598173516,0.8564593301435407,0.8364485981308412,0.8440717566925392,0.8446138479680376,0.9056562568246341,0.8906141436258479,0.13152945298726454,201,40,30,179,0.16597510373443983,0.14354066985645933
LOG-REG_TF-IDF_20260620_215400,LOG-REG_TF-IDF,163,validation_positive_f1,1.460728406906128,1044,50000,"[1, 1]",5,0.95,True,1.0,,0.48000000000000004,450,209,241,0.46444444444444444,0.8444444444444444,0.8452421132045504,0.817351598173516,0.8564593301435407,0.8364485981308412,0.8440717566925392,0.8446138479680376,0.9056562568246341,0.8906141436258479,0.13152945298726454,201,40,30,179,0.16597510373443983,0.14354066985645933
LOG-REG_TF-IDF_20260620_215400,LOG-REG_TF-IDF,123,validation_positive_f1,1.786703109741211,20000,20000,"[1, 3]",1,0.95,True,1.0,,0.46,450,209,241,0.46444444444444444,0.8377777777777777,0.8393357025154361,0.8035714285714286,0.861244019138756,0.8314087759815243,0.8375459297466508,0.8379823495699488,0.9044054875022335,0.8940118734166945,0.14074897062550318,197,44,29,180,0.1825726141078838,0.13875598086124402
LOG-REG_TF-IDF_20260620_215400,LOG-REG_TF-IDF,38,validation_positive_f1,1.587705135345459,7420,10000,"[1, 2]",2,0.95,True,3.0,balanced,0.43,450,209,241,0.46444444444444444,0.8311111111111111,0.8350175703309575,0.7782426778242678,0.8899521531100478,0.8303571428571429,0.8311077749683944,0.8311611532518612,0.9069070261470349,0.8965174448878823,0.12612354790833144,188,53,23,186,0.21991701244813278,0.11004784688995216
LOG-REG_TF-IDF_20260620_215400,LOG-REG_TF-IDF,110,validation_positive_f1,1.565561056137085,7420,20000,"[1, 2]",2,0.95,True,3.0,balanced,0.43,450,209,241,0.46444444444444444,0.8311111111111111,0.8350175703309575,0.7782426778242678,0.8899521531100478,0.8303571428571429,0.8311077749683944,0.8311611532518612,0.9069070261470349,0.8965174448878823,0.12612354790833144,188,53,23,186,0.21991701244813278,0.11004784688995216
LOG-REG_TF-IDF_20260620_215400,LOG-REG_TF-IDF,182,validation_positive_f1,1.5689449310302734,7420,50000,"[1, 2]",2,0.95,True,3.0,balanced,0.43,450,209,241,0.46444444444444444,0.8311111111111111,0.8350175703309575,0.7782426778242678,0.8899521531100478,0.8303571428571429,0.8311077749683944,0.8311611532518612,0.9069070261470349,0.8965174448878823,0.12612354790833144,188,53,23,186,0.21991701244813278,0.11004784688995216
LOG-REG_TF-IDF_20260620_215400,LOG-REG_TF-IDF,37,validation_positive_f1,1.6155662536621094,7420,10000,"[1, 2]",2,0.95,True,3.0,,0.41000000000000003,450,209,241,0.46444444444444444,0.8311111111111111,0.8350175703309575,0.7782426778242678,0.8899521531100478,0.8303571428571429,0.8311077749683944,0.8311611532518612,0.906509956520876,0.8961587804993698,0.12612897701378067,188,53,23,186,0.21991701244813278,0.11004784688995216
LOG-REG_TF-IDF_20260620_215400,LOG-REG_TF-IDF,109,validation_positive_f1,1.5545382499694824,7420,20000,"[1, 2]",2,0.95,True,3.0,,0.41000000000000003,450,209,241,0.46444444444444444,0.8311111111111111,0.8350175703309575,0.7782426778242678,0.8899521531100478,0.8303571428571429,0.8311077749683944,0.8311611532518612,0.906509956520876,0.8961587804993698,0.12612897701378067,188,53,23,186,0.21991701244813278,0.11004784688995216
LOG-REG_TF-IDF_20260620_215400,LOG-REG_TF-IDF,181,validation_positive_f1,1.5762507915496826,7420,50000,"[1, 2]",2,0.95,True,3.0,,0.41000000000000003,450,209,241,0.46444444444444444,0.8311111111111111,0.8350175703309575,0.7782426778242678,0.8899521531100478,0.8303571428571429,0.8311077749683944,0.8311611532518612,0.906509956520876,0.8961587804993698,0.12612897701378067,188,53,23,186,0.21991701244813278,0.11004784688995216
LOG-REG_TF-IDF_20260620_215400,LOG-REG_TF-IDF,29,validation_positive_f1,1.6311366558074951,10000,10000,"[1, 2]",1,0.95,True,3.0,,0.41000000000000003,450,209,241,0.46444444444444444,0.8288888888888889,0.8335781929361314,0.7704918032786885,0.8995215311004785,0.8300220750551877,0.8288812836126049,0.8288001606655768,0.9068077587404951,0.8964299928313005,0.1261897066950929,185,56,21,188,0.23236514522821577,0.10047846889952153
LOG-REG_TF-IDF_20260620_215400,LOG-REG_TF-IDF,52,validation_positive_f1,1.7356085777282715,10000,10000,"[1, 3]",1,0.95,True,1.0,balanced,0.47000000000000003,450,209,241,0.46444444444444444,0.8333333333333334,0.8361392920248565,0.7887931034482759,0.8755980861244019,0.8299319727891157,0.8332666399893291,0.833503771879122,0.9069070261470349,0.8963512450427079,0.13881548998695653,192,49,26,183,0.2033195020746888,0.12440191387559808
LOG-REG_TF-IDF_20260620_215400,LOG-REG_TF-IDF,67,validation_positive_f1,1.7132558822631836,2281,10000,"[1, 3]",5,0.95,True,1.0,,0.43,450,209,241,0.46444444444444444,0.8333333333333334,0.8361392920248565,0.7887931034482759,0.8755980861244019,0.8299319727891157,0.8332666399893291,0.833503771879122,0.9045047549087731,0.8895329775361196,0.13483326724337394,192,49,26,183,0.2033195020746888,0.12440191387559808
LOG-REG_TF-IDF_20260620_215400,LOG-REG_TF-IDF,139,validation_positive_f1,1.7129261493682861,2281,20000,"[1, 3]",5,0.95,True,1.0,,0.43,450,209,241,0.46444444444444444,0.8333333333333334,0.8361392920248565,0.7887931034482759,0.8755980861244019,0.8299319727891157,0.8332666399893291,0.833503771879122,0.9045047549087731,0.8895329775361196,0.13483326724337394,192,49,26,183,0.2033195020746888,0.12440191387559808
LOG-REG_TF-IDF_20260620_215400,LOG-REG_TF-IDF,211,validation_positive_f1,1.7218971252441406,2281,50000,"[1, 3]",5,0.95,True,1.0,,0.43,450,209,241,0.46444444444444444,0.8333333333333334,0.8361392920248565,0.7887931034482759,0.8755980861244019,0.8299319727891157,0.8332666399893291,0.833503771879122,0.9045047549087731,0.8895329775361196,0.13483326724337394,192,49,26,183,0.2033195020746888,0.12440191387559808
LOG-REG_TF-IDF_20260620_215400,LOG-REG_TF-IDF,60,validation_positive_f1,1.7534255981445312,10000,10000,"[1, 3]",2,0.95,True,1.0,balanced,0.49,450,209,241,0.46444444444444444,0.8377777777777777,0.8387003911135817,0.8090909090909091,0.8516746411483254,0.8298368298368298,0.8374237227740413,0.8379632351606875,0.9074033631797336,0.897278110341493,0.13879254395639942,199,42,31,178,0.17427385892116182,0.14832535885167464
LOG-REG_TF-IDF_20260620_215400,LOG-REG_TF-IDF,59,validation_positive_f1,1.7479143142700195,10000,10000,"[1, 3]",2,0.95,True,1.0,,0.46,450,209,241,0.46444444444444444,0.8377777777777777,0.8387003911135817,0.8090909090909091,0.8516746411483254,0.8298368298368298,0.8374237227740413,0.8379632351606875,0.9072842422918859,0.8972275176220409,0.13861975769520998,199,42,31,178,0.17427385892116182,0.14832535885167464
LOG-REG_TF-IDF_20260620_215400,LOG-REG_TF-IDF,43,validation_positive_f1,1.5807037353515625,1975,10000,"[1, 2]",5,0.95,True,1.0,,0.42000000000000004,450,209,241,0.46444444444444444,0.8311111111111111,0.8346999146300303,0.7805907172995781,0.8851674641148325,0.8295964125560538,0.8310977657493925,0.831204528643141,0.9046040223153129,0.889600450385856,0.13409780389130888,189,52,24,185,0.2157676348547718,0.11483253588516747
LOG-REG_TF-IDF_20260620_215400,LOG-REG_TF-IDF,115,validation_positive_f1,1.5707981586456299,1975,20000,"[1, 2]",5,0.95,True,1.0,,0.42000000000000004,450,209,241,0.46444444444444444,0.8311111111111111,0.8346999146300303,0.7805907172995781,0.8851674641148325,0.8295964125560538,0.8310977657493925,0.831204528643141,0.9046040223153129,0.889600450385856,0.13409780389130888,189,52,24,185,0.2157676348547718,0.11483253588516747
LOG-REG_TF-IDF_20260620_215400,LOG-REG_TF-IDF,187,validation_positive_f1,1.545231580734253,1975,50000,"[1, 2]",5,0.95,True,1.0,,0.42000000000000004,450,209,241,0.46444444444444444,0.8311111111111111,0.8346999146300303,0.7805907172995781,0.8851674641148325,0.8295964125560538,0.8310977657493925,0.831204528643141,0.9046040223153129,0.889600450385856,0.13409780389130888,189,52,24,185,0.2157676348547718,0.11483253588516747
LOG-REG_TF-IDF_20260620_215400,LOG-REG_TF-IDF,35,validation_positive_f1,1.559199571609497,7420,10000,"[1, 2]",2,0.95,True,1.0,,0.45,450,209,241,0.46444444444444444,0.8355555555555556,0.8372610137187556,0.8,0.861244019138756,0.8294930875576036,0.8353474021479006,0.8357637089632105,0.907661458436737,0.8974424626016022,0.1372385799816462,196,45,29,180,0.18672199170124482,0.13875598086124402
LOG-REG_TF-IDF_20260620_215400,LOG-REG_TF-IDF,107,validation_positive_f1,1.542290210723877,7420,20000,"[1, 2]",2,0.95,True,1.0,,0.45,450,209,241,0.46444444444444444,0.8355555555555556,0.8372610137187556,0.8,0.861244019138756,0.8294930875576036,0.8353474021479006,0.8357637089632105,0.907661458436737,0.8974424626016022,0.1372385799816462,196,45,29,180,0.18672199170124482,0.13875598086124402
LOG-REG_TF-IDF_20260620_215400,LOG-REG_TF-IDF,179,validation_positive_f1,1.5390739440917969,7420,50000,"[1, 2]",2,0.95,True,1.0,,0.45,450,209,241,0.46444444444444444,0.8355555555555556,0.8372610137187556,0.8,0.861244019138756,0.8294930875576036,0.8353474021479006,0.8357637089632105,0.907661458436737,0.8974424626016022,0.1372385799816462,196,45,29,180,0.18672199170124482,0.13875598086124402
LOG-REG_TF-IDF_20260620_215400,LOG-REG_TF-IDF,68,validation_positive_f1,1.6866552829742432,2281,10000,"[1, 3]",5,0.95,True,1.0,balanced,0.47000000000000003,450,209,241,0.46444444444444444,0.8355555555555556,0.8372610137187556,0.8,0.861244019138756,0.8294930875576036,0.8353474021479006,0.8357637089632105,0.9046437292779289,0.8897086545843081,0.13486917349816763,196,45,29,180,0.18672199170124482,0.13875598086124402
LOG-REG_TF-IDF_20260620_215400,LOG-REG_TF-IDF,140,validation_positive_f1,1.7154011726379395,2281,20000,"[1, 3]",5,0.95,True,1.0,balanced,0.47000000000000003,450,209,241,0.46444444444444444,0.8355555555555556,0.8372610137187556,0.8,0.861244019138756,0.8294930875576036,0.8353474021479006,0.8357637089632105,0.9046437292779289,0.8897086545843081,0.13486917349816763,196,45,29,180,0.18672199170124482,0.13875598086124402
LOG-REG_TF-IDF_20260620_215400,LOG-REG_TF-IDF,212,validation_positive_f1,1.6944210529327393,2281,50000,"[1, 3]",5,0.95,True,1.0,balanced,0.47000000000000003,450,209,241,0.46444444444444444,0.8355555555555556,0.8372610137187556,0.8,0.861244019138756,0.8294930875576036,0.8353474021479006,0.8357637089632105,0.9046437292779289,0.8897086545843081,0.13486917349816763,196,45,29,180,0.18672199170124482,0.13875598086124402
LOG-REG_TF-IDF_20260620_215400,LOG-REG_TF-IDF,28,validation_positive_f1,1.617952585220337,10000,10000,"[1, 2]",1,0.95,True,1.0,balanced,0.47000000000000003,450,209,241,0.46444444444444444,0.8333333333333334,0.8358216363239295,0.7913043478260869,0.8708133971291866,0.8291571753986332,0.8332336853131994,0.8335235704626798,0.9077408723619687,0.8974637577385102,0.13798868087253183,193,48,27,182,0.1991701244813278,0.1291866028708134
LOG-REG_TF-IDF_20260620_215400,LOG-REG_TF-IDF,131,validation_positive_f1,1.7472732067108154,10365,20000,"[1, 3]",2,0.95,True,1.0,,0.47000000000000003,450,209,241,0.46444444444444444,0.8377777777777777,0.8383827354126546,0.8119266055045872,0.84688995215311,0.8290398126463701,0.8373528872957009,0.8379440392707644,0.9066290774087237,0.8968890778504339,0.1388744272585622,200,41,32,177,0.17012448132780084,0.15311004784688995
LOG-REG_TF-IDF_20260620_215400,LOG-REG_TF-IDF,203,validation_positive_f1,1.7583651542663574,10365,50000,"[1, 3]",2,0.95,True,1.0,,0.47000000000000003,450,209,241,0.46444444444444444,0.8377777777777777,0.8383827354126546,0.8119266055045872,0.84688995215311,0.8290398126463701,0.8373528872957009,0.8379440392707644,0.9066290774087237,0.8968890778504339,0.1388744272585622,200,41,32,177,0.17012448132780084,0.15311004784688995
LOG-REG_TF-IDF_20260620_215400,LOG-REG_TF-IDF,51,validation_positive_f1,1.7467761039733887,10000,10000,"[1, 3]",1,0.95,True,1.0,,0.47000000000000003,450,209,241,0.46444444444444444,0.8377777777777777,0.8383827354126546,0.8119266055045872,0.84688995215311,0.8290398126463701,0.8373528872957009,0.8379440392707644,0.9066489308900315,0.8961543449067202,0.13863767805688793,200,41,32,177,0.17012448132780084,0.15311004784688995
LOG-REG_TF-IDF_20260620_215400,LOG-REG_TF-IDF,30,validation_positive_f1,1.6245999336242676,10000,10000,"[1, 2]",1,0.95,True,3.0,balanced,0.42000000000000004,450,209,241,0.46444444444444444,0.8266666666666667,0.831821159840378,0.7651821862348178,0.9043062200956937,0.8289473684210527,0.8266358463726885,0.8264714714714715,0.9069864400722666,0.8966427449618971,0.12623096099898287,183,58,20,189,0.24066390041493776,0.09569377990430622
LOG-REG_TF-IDF_20260620_215400,LOG-REG_TF-IDF,44,validation_positive_f1,1.5712590217590332,1975,10000,"[1, 2]",5,0.95,True,1.0,balanced,0.45,450,209,241,0.46444444444444444,0.8311111111111111,0.8343822589291032,0.7829787234042553,0.8803827751196173,0.8288288288288288,0.8310810810810811,0.8312412412412412,0.9050407989040878,0.8900168382111675,0.13415566179091248,190,51,25,184,0.21161825726141079,0.11961722488038277
LOG-REG_TF-IDF_20260620_215400,LOG-REG_TF-IDF,116,validation_positive_f1,1.558640956878662,1975,20000,"[1, 2]",5,0.95,True,1.0,balanced,0.45,450,209,241,0.46444444444444444,0.8311111111111111,0.8343822589291032,0.7829787234042553,0.8803827751196173,0.8288288288288288,0.8310810810810811,0.8312412412412412,0.9050407989040878,0.8900168382111675,0.13415566179091248,190,51,25,184,0.21161825726141079,0.11961722488038277
LOG-REG_TF-IDF_20260620_215400,LOG-REG_TF-IDF,188,validation_positive_f1,1.5907220840454102,1975,50000,"[1, 2]",5,0.95,True,1.0,balanced,0.45,450,209,241,0.46444444444444444,0.8311111111111111,0.8343822589291032,0.7829787234042553,0.8803827751196173,0.8288288288288288,0.8310810810810811,0.8312412412412412,0.9050407989040878,0.8900168382111675,0.13415566179091248,190,51,25,184,0.21161825726141079,0.11961722488038277
LOG-REG_TF-IDF_20260620_215400,LOG-REG_TF-IDF,36,validation_positive_f1,1.56309175491333,7420,10000,"[1, 2]",2,0.95,True,1.0,balanced,0.48000000000000004,450,209,241,0.46444444444444444,0.8355555555555556,0.8369433580178285,0.8026905829596412,0.8564593301435407,0.8287037037037037,0.8352920227920229,0.8357605254827477,0.9078004328058925,0.8974075057073568,0.13741790649457283,197,44,30,179,0.1825726141078838,0.14354066985645933
LOG-REG_TF-IDF_20260620_215400,LOG-REG_TF-IDF,108,validation_positive_f1,1.554596185684204,7420,20000,"[1, 2]",2,0.95,True,1.0,balanced,0.48000000000000004,450,209,241,0.46444444444444444,0.8355555555555556,0.8369433580178285,0.8026905829596412,0.8564593301435407,0.8287037037037037,0.8352920227920229,0.8357605254827477,0.9078004328058925,0.8974075057073568,0.13741790649457283,197,44,30,179,0.1825726141078838,0.14354066985645933
LOG-REG_TF-IDF_20260620_215400,LOG-REG_TF-IDF,180,validation_positive_f1,1.5369980335235596,7420,50000,"[1, 2]",2,0.95,True,1.0,balanced,0.48000000000000004,450,209,241,0.46444444444444444,0.8355555555555556,0.8369433580178285,0.8026905829596412,0.8564593301435407,0.8287037037037037,0.8352920227920229,0.8357605254827477,0.9078004328058925,0.8974075057073568,0.13741790649457283,197,44,30,179,0.1825726141078838,0.14354066985645933
LOG-REG_TF-IDF_20260620_215400,LOG-REG_TF-IDF,132,validation_positive_f1,1.7705821990966797,10365,20000,"[1, 3]",2,0.95,True,1.0,balanced,0.48000000000000004,450,209,241,0.46444444444444444,0.8355555555555556,0.8369433580178285,0.8026905829596412,0.8564593301435407,0.8287037037037037,0.8352920227920229,0.8357605254827477,0.906867319184419,0.897010906051673,0.1390378428187184,197,44,30,179,0.1825726141078838,0.14354066985645933
LOG-REG_TF-IDF_20260620_215400,LOG-REG_TF-IDF,204,validation_positive_f1,1.7508912086486816,10365,50000,"[1, 3]",2,0.95,True,1.0,balanced,0.48000000000000004,450,209,241,0.46444444444444444,0.8355555555555556,0.8369433580178285,0.8026905829596412,0.8564593301435407,0.8287037037037037,0.8352920227920229,0.8357605254827477,0.906867319184419,0.897010906051673,0.1390378428187184,197,44,30,179,0.1825726141078838,0.14354066985645933
LOG-REG_TF-IDF_20260620_215400,LOG-REG_TF-IDF,124,validation_positive_f1,1.813452959060669,20000,20000,"[1, 3]",1,0.95,True,1.0,balanced,0.49,450,209,241,0.46444444444444444,0.8355555555555556,0.8366257023169013,0.8054298642533937,0.8516746411483254,0.827906976744186,0.8352300841167739,0.8357508384188246,0.9047429966844686,0.8943442824720385,0.1408535620046778,198,43,31,178,0.17842323651452283,0.14832535885167464
LOG-REG_TF-IDF_20260620_215400,LOG-REG_TF-IDF,61,validation_positive_f1,1.7998063564300537,10000,10000,"[1, 3]",2,0.95,True,3.0,,0.4,450,209,241,0.46444444444444444,0.8266666666666667,0.8311858484385237,0.7695473251028807,0.8947368421052632,0.827433628318584,0.8266632427307206,0.8266084597555836,0.9069070261470349,0.8973216512416194,0.12663717122968118,185,56,22,187,0.23236514522821577,0.10526315789473684
LOG-REG_TF-IDF_20260620_215400,LOG-REG_TF-IDF,100,validation_positive_f1,1.6671080589294434,20000,20000,"[1, 2]",1,0.95,True,1.0,balanced,0.47000000000000003,450,209,241,0.46444444444444444,0.8311111111111111,0.8337469475272489,0.7878787878787878,0.8708133971291866,0.8272727272727273,0.8310276679841897,0.8312946859903382,0.906093033413409,0.8974896547533266,0.14031508629216455,192,49,27,182,0.2033195020746888,0.1291866028708134
LOG-REG_TF-IDF_20260620_215400,LOG-REG_TF-IDF,102,validation_positive_f1,1.633178472518921,20000,20000,"[1, 2]",1,0.95,True,3.0,balanced,0.45,450,209,241,0.46444444444444444,0.8288888888888889,0.8323075701324227,0.7796610169491526,0.8803827751196173,0.8269662921348314,0.8288677614520311,0.8290029770479209,0.9059342055629455,0.896501502058806,0.12717863625514236,189,52,25,184,0.2157676348547718,0.11961722488038277
LOG-REG_TF-IDF_20260620_215400,LOG-REG_TF-IDF,171,validation_positive_f1,1.587639331817627,31956,50000,"[1, 2]",1,0.95,True,1.0,,0.45,450,209,241,0.46444444444444444,0.8333333333333334,0.834868669221148,0.7991071428571429,0.8564593301435407,0.8267898383371824,0.8330951333013535,0.8335435098321391,0.9058746451190216,0.8974936378568052,0.14242971801951765,196,45,30,179,0.18672199170124482,0.14354066985645933
LOG-REG_TF-IDF_20260620_215400,LOG-REG_TF-IDF,196,validation_positive_f1,1.7441191673278809,50000,50000,"[1, 3]",1,0.95,True,1.0,balanced,0.47000000000000003,450,209,241,0.46444444444444444,0.8311111111111111,0.8334292918263217,0.7903930131004366,0.8660287081339713,0.8264840182648402,0.8309909268813378,0.8313114181607332,0.9040878318013063,0.8961987267078079,0.14521095494495448,193,48,28,181,0.1991701244813278,0.1339712918660287
LOG-REG_TF-IDF_20260620_215400,LOG-REG_TF-IDF,27,validation_positive_f1,1.616879940032959,10000,10000,"[1, 2]",1,0.95,True,1.0,,0.46,450,209,241,0.46444444444444444,0.8333333333333334,0.8345510135202208,0.8018018018018018,0.8516746411483254,0.8259860788863109,0.8330356833663963,0.8335369885738692,0.9075423375488891,0.8973106321799347,0.13780610559711728,197,44,31,178,0.1825726141078838,0.14832535885167464
LOG-REG_TF-IDF_20260620_215400,LOG-REG_TF-IDF,62,validation_positive_f1,1.7482526302337646,10000,10000,"[1, 3]",2,0.95,True,3.0,balanced,0.42000000000000004,450,209,241,0.46444444444444444,0.8244444444444444,0.8291111596418432,0.7663934426229508,0.8947368421052632,0.82560706401766,0.8244366416285168,0.8243534115919556,0.906887172665727,0.8972684685882589,0.1266245159329714,184,57,22,187,0.23651452282157676,0.10526315789473684
LOG-REG_TF-IDF_20260620_215400,LOG-REG_TF-IDF,133,validation_positive_f1,1.7354404926300049,10365,20000,"[1, 3]",2,0.95,True,3.0,,0.4,450,209,241,0.46444444444444444,0.8244444444444444,0.8291111596418432,0.7663934426229508,0.8947368421052632,0.82560706401766,0.8244366416285168,0.8243534115919556,0.9064106891143361,0.8970807719239764,0.12689240063288704,184,57,22,187,0.23651452282157676,0.10526315789473684
LOG-REG_TF-IDF_20260620_215400,LOG-REG_TF-IDF,205,validation_positive_f1,1.7874107360839844,10365,50000,"[1, 3]",2,0.95,True,3.0,,0.4,450,209,241,0.46444444444444444,0.8244444444444444,0.8291111596418432,0.7663934426229508,0.8947368421052632,0.82560706401766,0.8244366416285168,0.8243534115919556,0.9064106891143361,0.8970807719239764,0.12689240063288704,184,57,22,187,0.23651452282157676,0.10526315789473684
LOG-REG_TF-IDF_20260620_215400,LOG-REG_TF-IDF,99,validation_positive_f1,1.6664307117462158,20000,20000,"[1, 2]",1,0.95,True,1.0,,0.44,450,209,241,0.46444444444444444,0.8288888888888889,0.8316722587305684,0.7844827586206896,0.8708133971291866,0.8253968253968254,0.8288204170557112,0.8290638724625652,0.9059143520816375,0.8972724632902856,0.14019262490671347,191,50,27,182,0.2074688796680498,0.1291866028708134
LOG-REG_TF-IDF_20260620_215400,LOG-REG_TF-IDF,134,validation_positive_f1,1.7405073642730713,10365,20000,"[1, 3]",2,0.95,True,3.0,balanced,0.45,450,209,241,0.46444444444444444,0.8288888888888889,0.8316722587305684,0.7844827586206896,0.8708133971291866,0.8253968253968254,0.8288204170557112,0.8290638724625652,0.906490103039568,0.8971827135752342,0.12686740478957576,191,50,27,182,0.2074688796680498,0.1291866028708134
LOG-REG_TF-IDF_20260620_215400,LOG-REG_TF-IDF,206,validation_positive_f1,1.7241706848144531,10365,50000,"[1, 3]",2,0.95,True,3.0,balanced,0.45,450,209,241,0.46444444444444444,0.8288888888888889,0.8316722587305684,0.7844827586206896,0.8708133971291866,0.8253968253968254,0.8288204170557112,0.8290638724625652,0.906490103039568,0.8971827135752342,0.12686740478957576,191,50,27,182,0.2074688796680498,0.1291866028708134
LOG-REG_TF-IDF_20260620_215400,LOG-REG_TF-IDF,101,validation_positive_f1,1.6201508045196533,20000,20000,"[1, 2]",1,0.95,True,3.0,,0.41000000000000003,450,209,241,0.46444444444444444,0.8244444444444444,0.828793503940916,0.768595041322314,0.8899521531100478,0.8248337028824834,0.8244435774991481,0.8244158352496664,0.9058547916377135,0.8964041851261713,0.12710506354871723,185,56,23,186,0.23236514522821577,0.11004784688995216
LOG-REG_TF-IDF_20260620_215400,LOG-REG_TF-IDF,172,validation_positive_f1,1.5768263339996338,31956,50000,"[1, 2]",1,0.95,True,1.0,balanced,0.47000000000000003,450,209,241,0.46444444444444444,0.8288888888888889,0.8313546030296413,0.7869565217391304,0.8660287081339713,0.8246013667425968,0.8287865835882181,0.8290841990083512,0.9059540590442533,0.8975352278524356,0.1424846747044752,192,49,28,181,0.2033195020746888,0.1339712918660287
LOG-REG_TF-IDF_20260620_215400,LOG-REG_TF-IDF,198,validation_positive_f1,1.759012222290039,50000,50000,"[1, 3]",1,0.95,True,3.0,balanced,0.45,450,209,241,0.46444444444444444,0.8288888888888889,0.8313546030296413,0.7869565217391304,0.8660287081339713,0.8246013667425968,0.8287865835882181,0.8290841990083512,0.9051996267545515,0.8968983604273416,0.12889080122132138,192,49,28,181,0.2033195020746888,0.1339712918660287
LOG-REG_TF-IDF_20260620_215400,LOG-REG_TF-IDF,197,validation_positive_f1,1.7613134384155273,50000,50000,"[1, 3]",1,0.95,True,3.0,,0.43,450,209,241,0.46444444444444444,0.8288888888888889,0.8313546030296413,0.7869565217391304,0.8660287081339713,0.8246013667425968,0.8287865835882181,0.8290841990083512,0.9048224106097005,0.8964233076355479,0.12903635545913045,192,49,28,181,0.2033195020746888,0.1339712918660287
LOG-REG_TF-IDF_20260620_215400,LOG-REG_TF-IDF,126,validation_positive_f1,1.7770228385925293,20000,20000,"[1, 3]",1,0.95,True,3.0,balanced,0.45,450,209,241,0.46444444444444444,0.8266666666666667,0.8295975699338879,0.7811158798283262,0.8708133971291866,0.8235294117647058,0.8266118674544054,0.8268310643034505,0.9051797732732434,0.8954818739223349,0.12778352670825738,190,51,27,182,0.21161825726141079,0.1291866028708134
LOG-REG_TF-IDF_20260620_215400,LOG-REG_TF-IDF,103,validation_positive_f1,1.6055107116699219,20000,20000,"[1, 2]",1,0.95,True,10.0,,0.38,450,209,241,0.46444444444444444,0.8222222222222222,0.8267188151442355,0.7654320987654321,0.8899521531100478,0.8230088495575221,0.8222187104930467,0.8221625228262396,0.9038495900256109,0.8952090274361433,0.12533586737244434,184,57,23,186,0.23651452282157676,0.11004784688995216
LOG-REG_TF-IDF_20260620_215400,LOG-REG_TF-IDF,104,validation_positive_f1,1.6095459461212158,20000,20000,"[1, 2]",1,0.95,True,10.0,balanced,0.4,450,209,241,0.46444444444444444,0.8222222222222222,0.8267188151442355,0.7654320987654321,0.8899521531100478,0.8230088495575221,0.8222187104930467,0.8221625228262396,0.9038694435069189,0.895155318362734,0.12542859941756518,184,57,23,186,0.23651452282157676,0.11004784688995216
LOG-REG_TF-IDF_20260620_215400,LOG-REG_TF-IDF,174,validation_positive_f1,1.599104642868042,31956,50000,"[1, 2]",1,0.95,True,3.0,balanced,0.46,450,209,241,0.46444444444444444,0.8266666666666667,0.8292799142329608,0.7835497835497836,0.8660287081339713,0.8227272727272728,0.8265810276679841,0.8268550724637681,0.9064503960769521,0.8977550811276912,0.127661092165451,191,50,28,181,0.2074688796680498,0.1339712918660287
LOG-REG_TF-IDF_20260620_215400,LOG-REG_TF-IDF,173,validation_positive_f1,1.5870497226715088,31956,50000,"[1, 2]",1,0.95,True,3.0,,0.43,450,209,241,0.46444444444444444,0.8266666666666667,0.8292799142329608,0.7835497835497836,0.8660287081339713,0.8227272727272728,0.8265810276679841,0.8268550724637681,0.9063114217077964,0.8975657599455368,0.1276307601335172,191,50,28,181,0.2074688796680498,0.1339712918660287
LOG-REG_TF-IDF_20260620_215400,LOG-REG_TF-IDF,195,validation_positive_f1,1.7787902355194092,50000,50000,"[1, 3]",1,0.95,True,1.0,,0.44,450,209,241,0.46444444444444444,0.8266666666666667,0.8292799142329608,0.7835497835497836,0.8660287081339713,0.8227272727272728,0.8265810276679841,0.8268550724637681,0.9039687109134587,0.8960434394975455,0.1453333258653667,191,50,28,181,0.2074688796680498,0.1339712918660287
LOG-REG_TF-IDF_20260620_215400,LOG-REG_TF-IDF,54,validation_positive_f1,1.7601971626281738,10000,10000,"[1, 3]",1,0.95,True,3.0,balanced,0.45,450,209,241,0.46444444444444444,0.8244444444444444,0.8278405368381345,0.7754237288135594,0.8755980861244019,0.8224719101123595,0.824422768242993,0.8245614959322825,0.9061724473386408,0.8964524415696592,0.12726328935265857,188,53,26,183,0.21991701244813278,0.12440191387559808
LOG-REG_TF-IDF_20260620_215400,LOG-REG_TF-IDF,53,validation_positive_f1,1.7433431148529053,10000,10000,"[1, 3]",1,0.95,True,3.0,,0.43,450,209,241,0.46444444444444444,0.8244444444444444,0.8278405368381345,0.7754237288135594,0.8755980861244019,0.8224719101123595,0.824422768242993,0.8245614959322825,0.9058746451190216,0.8961853891305284,0.1272608459099715,188,53,26,183,0.21991701244813278,0.12440191387559808
LOG-REG_TF-IDF_20260620_215400,LOG-REG_TF-IDF,8,validation_positive_f1,1.5026450157165527,6297,10000,"[1, 1]",1,0.95,True,10.0,balanced,0.46,450,209,241,0.46444444444444444,0.8266666666666667,0.8289622585320335,0.7860262008733624,0.861244019138756,0.821917808219178,0.8265433196940046,0.8268722449544367,0.9044849014274653,0.8949833629596803,0.12604537482535522,192,49,29,180,0.2033195020746888,0.13875598086124402
LOG-REG_TF-IDF_20260620_215400,LOG-REG_TF-IDF,80,validation_positive_f1,1.4750714302062988,6297,20000,"[1, 1]",1,0.95,True,10.0,balanced,0.46,450,209,241,0.46444444444444444,0.8266666666666667,0.8289622585320335,0.7860262008733624,0.861244019138756,0.821917808219178,0.8265433196940046,0.8268722449544367,0.9044849014274653,0.8949833629596803,0.12604537482535522,192,49,29,180,0.2033195020746888,0.13875598086124402
LOG-REG_TF-IDF_20260620_215400,LOG-REG_TF-IDF,152,validation_positive_f1,1.4764256477355957,6297,50000,"[1, 1]",1,0.95,True,10.0,balanced,0.46,450,209,241,0.46444444444444444,0.8266666666666667,0.8289622585320335,0.7860262008733624,0.861244019138756,0.821917808219178,0.8265433196940046,0.8268722449544367,0.9044849014274653,0.8949833629596803,0.12604537482535522,192,49,29,180,0.2033195020746888,0.13875598086124402
LOG-REG_TF-IDF_20260620_215400,LOG-REG_TF-IDF,7,validation_positive_f1,1.5091066360473633,6297,10000,"[1, 1]",1,0.95,True,10.0,,0.44,450,209,241,0.46444444444444444,0.8266666666666667,0.8289622585320335,0.7860262008733624,0.861244019138756,0.821917808219178,0.8265433196940046,0.8268722449544367,0.9043260735770018,0.8948911870854683,0.12572342786880825,192,49,29,180,0.2033195020746888,0.13875598086124402
LOG-REG_TF-IDF_20260620_215400,LOG-REG_TF-IDF,79,validation_positive_f1,1.468193769454956,6297,20000,"[1, 1]",1,0.95,True,10.0,,0.44,450,209,241,0.46444444444444444,0.8266666666666667,0.8289622585320335,0.7860262008733624,0.861244019138756,0.821917808219178,0.8265433196940046,0.8268722449544367,0.9043260735770018,0.8948911870854683,0.12572342786880825,192,49,29,180,0.2033195020746888,0.13875598086124402
LOG-REG_TF-IDF_20260620_215400,LOG-REG_TF-IDF,151,validation_positive_f1,1.481982707977295,6297,50000,"[1, 1]",1,0.95,True,10.0,,0.44,450,209,241,0.46444444444444444,0.8266666666666667,0.8289622585320335,0.7860262008733624,0.861244019138756,0.821917808219178,0.8265433196940046,0.8268722449544367,0.9043260735770018,0.8948911870854683,0.12572342786880825,192,49,29,180,0.2033195020746888,0.13875598086124402
LOG-REG_TF-IDF_20260620_215400,LOG-REG_TF-IDF,125,validation_positive_f1,1.7487962245941162,20000,20000,"[1, 3]",1,0.95,True,3.0,,0.4,450,209,241,0.46444444444444444,0.82,0.824644126347555,0.7622950819672131,0.8899521531100478,0.8211920529801324,0.8199919996444287,0.8199066625183342,0.9050805058667036,0.8954712218912992,0.12775824615735693,183,58,23,186,0.24066390041493776,0.11004784688995216
LOG-REG_TF-IDF_20260620_215400,LOG-REG_TF-IDF,10,validation_positive_f1,1.4748072624206543,2674,10000,"[1, 1]",2,0.95,True,0.1,balanced,0.49,450,209,241,0.46444444444444444,0.8244444444444444,0.8272052254362803,0.7801724137931034,0.8660287081339713,0.8208616780045351,0.8243741941220932,0.8246239730460085,0.8985487105163891,0.8870378537981335,0.18748623570666756,190,51,28,181,0.21161825726141079,0.1339712918660287
LOG-REG_TF-IDF_20260620_215400,LOG-REG_TF-IDF,82,validation_positive_f1,1.4499993324279785,2674,20000,"[1, 1]",2,0.95,True,0.1,balanced,0.49,450,209,241,0.46444444444444444,0.8244444444444444,0.8272052254362803,0.7801724137931034,0.8660287081339713,0.8208616780045351,0.8243741941220932,0.8246239730460085,0.8985487105163891,0.8870378537981335,0.18748623570666756,190,51,28,181,0.21161825726141079,0.1339712918660287
LOG-REG_TF-IDF_20260620_215400,LOG-REG_TF-IDF,154,validation_positive_f1,1.4722259044647217,2674,50000,"[1, 1]",2,0.95,True,0.1,balanced,0.49,450,209,241,0.46444444444444444,0.8244444444444444,0.8272052254362803,0.7801724137931034,0.8660287081339713,0.8208616780045351,0.8243741941220932,0.8246239730460085,0.8985487105163891,0.8870378537981335,0.18748623570666756,190,51,28,181,0.21161825726141079,0.1339712918660287
LOG-REG_TF-IDF_20260620_215400,LOG-REG_TF-IDF,40,validation_positive_f1,1.5804002285003662,7420,10000,"[1, 2]",2,0.95,True,10.0,balanced,0.46,450,209,241,0.46444444444444444,0.8288888888888889,0.8297663245250054,0.8,0.8421052631578947,0.8205128205128205,0.828515433610975,0.8290845083201771,0.9028767694415216,0.8926680551970964,0.1264913197853348,197,44,33,176,0.1825726141078838,0.15789473684210525
LOG-REG_TF-IDF_20260620_215400,LOG-REG_TF-IDF,112,validation_positive_f1,1.6230425834655762,7420,20000,"[1, 2]",2,0.95,True,10.0,balanced,0.46,450,209,241,0.46444444444444444,0.8288888888888889,0.8297663245250054,0.8,0.8421052631578947,0.8205128205128205,0.828515433610975,0.8290845083201771,0.9028767694415216,0.8926680551970964,0.1264913197853348,197,44,33,176,0.1825726141078838,0.15789473684210525
LOG-REG_TF-IDF_20260620_215400,LOG-REG_TF-IDF,184,validation_positive_f1,1.5554327964782715,7420,50000,"[1, 2]",2,0.95,True,10.0,balanced,0.46,450,209,241,0.46444444444444444,0.8288888888888889,0.8297663245250054,0.8,0.8421052631578947,0.8205128205128205,0.828515433610975,0.8290845083201771,0.9028767694415216,0.8926680551970964,0.1264913197853348,197,44,33,176,0.1825726141078838,0.15789473684210525
LOG-REG_TF-IDF_20260620_215400,LOG-REG_TF-IDF,39,validation_positive_f1,1.5795893669128418,7420,10000,"[1, 2]",2,0.95,True,10.0,,0.44,450,209,241,0.46444444444444444,0.8288888888888889,0.8297663245250054,0.8,0.8421052631578947,0.8205128205128205,0.828515433610975,0.8290845083201771,0.9024201393714387,0.8922642030047204,0.12661960127214908,197,44,33,176,0.1825726141078838,0.15789473684210525
LOG-REG_TF-IDF_20260620_215400,LOG-REG_TF-IDF,111,validation_positive_f1,1.5600085258483887,7420,20000,"[1, 2]",2,0.95,True,10.0,,0.44,450,209,241,0.46444444444444444,0.8288888888888889,0.8297663245250054,0.8,0.8421052631578947,0.8205128205128205,0.828515433610975,0.8290845083201771,0.9024201393714387,0.8922642030047204,0.12661960127214908,197,44,33,176,0.1825726141078838,0.15789473684210525
LOG-REG_TF-IDF_20260620_215400,LOG-REG_TF-IDF,183,validation_positive_f1,1.541856288909912,7420,50000,"[1, 2]",2,0.95,True,10.0,,0.44,450,209,241,0.46444444444444444,0.8288888888888889,0.8297663245250054,0.8,0.8421052631578947,0.8205128205128205,0.828515433610975,0.8290845083201771,0.9024201393714387,0.8922642030047204,0.12661960127214908,197,44,33,176,0.1825726141078838,0.15789473684210525
LOG-REG_TF-IDF_20260620_215400,LOG-REG_TF-IDF,200,validation_positive_f1,1.7826502323150635,50000,50000,"[1, 3]",1,0.95,True,10.0,balanced,0.45,450,209,241,0.46444444444444444,0.8266666666666667,0.8283269471301793,0.7911111111111111,0.8516746411483254,0.8202764976958525,0.8264472617234627,0.8268860716098705,0.903889296988227,0.8960125159956208,0.12457689809335488,194,47,31,178,0.1950207468879668,0.14832535885167464
LOG-REG_TF-IDF_20260620_215400,LOG-REG_TF-IDF,199,validation_positive_f1,1.7921195030212402,50000,50000,"[1, 3]",1,0.95,True,10.0,,0.43,450,209,241,0.46444444444444444,0.8266666666666667,0.8283269471301793,0.7911111111111111,0.8516746411483254,0.8202764976958525,0.8264472617234627,0.8268860716098705,0.9038098830629951,0.8958022592349567,0.12460956006037113,194,47,31,178,0.1950207468879668,0.14832535885167464
LOG-REG_TF-IDF_20260620_215400,LOG-REG_TF-IDF,41,validation_positive_f1,1.5691640377044678,1975,10000,"[1, 2]",5,0.95,True,0.1,,0.46,450,209,241,0.46444444444444444,0.8266666666666667,0.8283269471301793,0.7911111111111111,0.8516746411483254,0.8202764976958525,0.8264472617234627,0.8268860716098705,0.900097282058409,0.8871536447396431,0.18726005917971972,194,47,31,178,0.1950207468879668,0.14832535885167464
LOG-REG_TF-IDF_20260620_215400,LOG-REG_TF-IDF,113,validation_positive_f1,1.565011739730835,1975,20000,"[1, 2]",5,0.95,True,0.1,,0.46,450,209,241,0.46444444444444444,0.8266666666666667,0.8283269471301793,0.7911111111111111,0.8516746411483254,0.8202764976958525,0.8264472617234627,0.8268860716098705,0.900097282058409,0.8871536447396431,0.18726005917971972,194,47,31,178,0.1950207468879668,0.14832535885167464
LOG-REG_TF-IDF_20260620_215400,LOG-REG_TF-IDF,185,validation_positive_f1,1.5422465801239014,1975,50000,"[1, 2]",5,0.95,True,0.1,,0.46,450,209,241,0.46444444444444444,0.8266666666666667,0.8283269471301793,0.7911111111111111,0.8516746411483254,0.8202764976958525,0.8264472617234627,0.8268860716098705,0.900097282058409,0.8871536447396431,0.18726005917971972,194,47,31,178,0.1950207468879668,0.14832535885167464
LOG-REG_TF-IDF_20260620_215400,LOG-REG_TF-IDF,42,validation_positive_f1,1.5490660667419434,1975,10000,"[1, 2]",5,0.95,True,0.1,balanced,0.49,450,209,241,0.46444444444444444,0.8266666666666667,0.8283269471301793,0.7911111111111111,0.8516746411483254,0.8202764976958525,0.8264472617234627,0.8268860716098705,0.9000575750957931,0.8869684263979636,0.18828790489220157,194,47,31,178,0.1950207468879668,0.14832535885167464
LOG-REG_TF-IDF_20260620_215400,LOG-REG_TF-IDF,114,validation_positive_f1,1.5788426399230957,1975,20000,"[1, 2]",5,0.95,True,0.1,balanced,0.49,450,209,241,0.46444444444444444,0.8266666666666667,0.8283269471301793,0.7911111111111111,0.8516746411483254,0.8202764976958525,0.8264472617234627,0.8268860716098705,0.9000575750957931,0.8869684263979636,0.18828790489220157,194,47,31,178,0.1950207468879668,0.14832535885167464
LOG-REG_TF-IDF_20260620_215400,LOG-REG_TF-IDF,186,validation_positive_f1,1.5268146991729736,1975,50000,"[1, 2]",5,0.95,True,0.1,balanced,0.49,450,209,241,0.46444444444444444,0.8266666666666667,0.8283269471301793,0.7911111111111111,0.8516746411483254,0.8202764976958525,0.8264472617234627,0.8268860716098705,0.9000575750957931,0.8869684263979636,0.18828790489220157,194,47,31,178,0.1950207468879668,0.14832535885167464
LOG-REG_TF-IDF_20260620_215400,LOG-REG_TF-IDF,66,validation_positive_f1,1.6670691967010498,2281,10000,"[1, 3]",5,0.95,True,0.1,balanced,0.49,450,209,241,0.46444444444444444,0.8266666666666667,0.8283269471301793,0.7911111111111111,0.8516746411483254,0.8202764976958525,0.8264472617234627,0.8268860716098705,0.8994818241378626,0.8863094771185134,0.1892902675877988,194,47,31,178,0.1950207468879668,0.14832535885167464
LOG-REG_TF-IDF_20260620_215400,LOG-REG_TF-IDF,138,validation_positive_f1,1.700721025466919,2281,20000,"[1, 3]",5,0.95,True,0.1,balanced,0.49,450,209,241,0.46444444444444444,0.8266666666666667,0.8283269471301793,0.7911111111111111,0.8516746411483254,0.8202764976958525,0.8264472617234627,0.8268860716098705,0.8994818241378626,0.8863094771185134,0.1892902675877988,194,47,31,178,0.1950207468879668,0.14832535885167464
LOG-REG_TF-IDF_20260620_215400,LOG-REG_TF-IDF,210,validation_positive_f1,1.6745433807373047,2281,50000,"[1, 3]",5,0.95,True,0.1,balanced,0.49,450,209,241,0.46444444444444444,0.8266666666666667,0.8283269471301793,0.7911111111111111,0.8516746411483254,0.8202764976958525,0.8264472617234627,0.8268860716098705,0.8994818241378626,0.8863094771185134,0.1892902675877988,194,47,31,178,0.1950207468879668,0.14832535885167464
LOG-REG_TF-IDF_20260620_215400,LOG-REG_TF-IDF,65,validation_positive_f1,1.6763207912445068,2281,10000,"[1, 3]",5,0.95,True,0.1,,0.47000000000000003,450,209,241,0.46444444444444444,0.8333333333333334,0.8323274236137307,0.8221153846153846,0.8181818181818182,0.8201438848920863,0.8324321908932482,0.8333060259866641,0.8994619706565546,0.88654224490085,0.1882505894056851,204,37,38,171,0.15352697095435686,0.18181818181818182
LOG-REG_TF-IDF_20260620_215400,LOG-REG_TF-IDF,137,validation_positive_f1,1.6855931282043457,2281,20000,"[1, 3]",5,0.95,True,0.1,,0.47000000000000003,450,209,241,0.46444444444444444,0.8333333333333334,0.8323274236137307,0.8221153846153846,0.8181818181818182,0.8201438848920863,0.8324321908932482,0.8333060259866641,0.8994619706565546,0.88654224490085,0.1882505894056851,204,37,38,171,0.15352697095435686,0.18181818181818182
LOG-REG_TF-IDF_20260620_215400,LOG-REG_TF-IDF,209,validation_positive_f1,1.6836292743682861,2281,50000,"[1, 3]",5,0.95,True,0.1,,0.47000000000000003,450,209,241,0.46444444444444444,0.8333333333333334,0.8323274236137307,0.8221153846153846,0.8181818181818182,0.8201438848920863,0.8324321908932482,0.8333060259866641,0.8994619706565546,0.88654224490085,0.1882505894056851,204,37,38,171,0.15352697095435686,0.18181818181818182
LOG-REG_TF-IDF_20260620_215400,LOG-REG_TF-IDF,32,validation_positive_f1,1.6091511249542236,10000,10000,"[1, 2]",1,0.95,True,10.0,balanced,0.43,450,209,241,0.46444444444444444,0.8244444444444444,0.826887569735353,0.782608695652174,0.861244019138756,0.8200455580865603,0.8243394818632368,0.8246448275540226,0.9040282713573824,0.8941202748716768,0.12604505531284801,191,50,29,180,0.2074688796680498,0.13875598086124402
LOG-REG_TF-IDF_20260620_215400,LOG-REG_TF-IDF,129,validation_positive_f1,1.758934497833252,10365,20000,"[1, 3]",2,0.95,True,0.1,,0.46,450,209,241,0.46444444444444444,0.8266666666666667,0.8280092914292521,0.7937219730941704,0.84688995215311,0.8194444444444444,0.8263888888888888,0.8268827160493827,0.8994818241378625,0.890714289240625,0.19751667735184478,195,46,32,177,0.1908713692946058,0.15311004784688995
LOG-REG_TF-IDF_20260620_215400,LOG-REG_TF-IDF,201,validation_positive_f1,1.7178823947906494,10365,50000,"[1, 3]",2,0.95,True,0.1,,0.46,450,209,241,0.46444444444444444,0.8266666666666667,0.8280092914292521,0.7937219730941704,0.84688995215311,0.8194444444444444,0.8263888888888888,0.8268827160493827,0.8994818241378625,0.890714289240625,0.19751667735184478,195,46,32,177,0.1908713692946058,0.15311004784688995
LOG-REG_TF-IDF_20260620_215400,LOG-REG_TF-IDF,128,validation_positive_f1,1.7831346988677979,20000,20000,"[1, 3]",1,0.95,True,10.0,balanced,0.39,450,209,241,0.46444444444444444,0.8177777777777778,0.8225694375508745,0.7591836734693878,0.8899521531100478,0.8193832599118943,0.8177633788348709,0.8176481872916158,0.9027973555162897,0.8936239589035898,0.12659313741351744,182,59,23,186,0.24481327800829875,0.11004784688995216
LOG-REG_TF-IDF_20260620_215400,LOG-REG_TF-IDF,127,validation_positive_f1,1.7722537517547607,20000,20000,"[1, 3]",1,0.95,True,10.0,,0.37,450,209,241,0.46444444444444444,0.8177777777777778,0.8225694375508745,0.7591836734693878,0.8899521531100478,0.8193832599118943,0.8177633788348709,0.8176481872916158,0.9025988207032104,0.8934603365417413,0.12660689895620367,182,59,23,186,0.24481327800829875,0.11004784688995216
LOG-REG_TF-IDF_20260620_215400,LOG-REG_TF-IDF,122,validation_positive_f1,1.7691338062286377,20000,20000,"[1, 3]",1,0.95,True,0.1,balanced,0.49,450,209,241,0.46444444444444444,0.8266666666666667,0.8276916357283249,0.7963800904977375,0.8421052631578947,0.8186046511627907,0.8263236021771401,0.8268725053603827,0.8982310548154618,0.88970507117494,0.20110592235891797,196,45,33,176,0.18672199170124482,0.15789473684210525
LOG-REG_TF-IDF_20260620_215400,LOG-REG_TF-IDF,176,validation_positive_f1,1.5852231979370117,31956,50000,"[1, 2]",1,0.95,True,10.0,balanced,0.39,450,209,241,0.46444444444444444,0.8155555555555556,0.8208124044551213,0.7540322580645161,0.8947368421052632,0.8183807439824945,0.8155109137519696,0.8153068369355767,0.9045643153526971,0.8964126596985094,0.12434673112626711,180,61,22,187,0.25311203319502074,0.10526315789473684
LOG-REG_TF-IDF_20260620_215400,LOG-REG_TF-IDF,175,validation_positive_f1,1.6406159400939941,31956,50000,"[1, 2]",1,0.95,True,10.0,,0.37,450,209,241,0.46444444444444444,0.8155555555555556,0.8208124044551213,0.7540322580645161,0.8947368421052632,0.8183807439824945,0.8155109137519696,0.8153068369355767,0.9045643153526971,0.8963961514685934,0.12423311247065272,180,61,22,187,0.25311203319502074,0.10526315789473684
LOG-REG_TF-IDF_20260620_215400,LOG-REG_TF-IDF,31,validation_positive_f1,1.6497149467468262,10000,10000,"[1, 2]",1,0.95,True,10.0,,0.41000000000000003,450,209,241,0.46444444444444444,0.8222222222222222,0.8248128809386726,0.7792207792207793,0.861244019138756,0.8181818181818182,0.8221343873517787,0.822415458937198,0.9038495900256109,0.8939313172816848,0.1260833312349725,190,51,29,180,0.21161825726141079,0.13875598086124402
LOG-REG_TF-IDF_20260620_215400,LOG-REG_TF-IDF,9,validation_positive_f1,1.4671385288238525,2674,10000,"[1, 1]",2,0.95,True,0.1,,0.46,450,209,241,0.46444444444444444,0.8222222222222222,0.8248128809386726,0.7792207792207793,0.861244019138756,0.8181818181818182,0.8221343873517787,0.822415458937198,0.8982707617780779,0.8868145790266111,0.18639961594577373,190,51,29,180,0.21161825726141079,0.13875598086124402
LOG-REG_TF-IDF_20260620_215400,LOG-REG_TF-IDF,81,validation_positive_f1,1.4110462665557861,2674,20000,"[1, 1]",2,0.95,True,0.1,,0.46,450,209,241,0.46444444444444444,0.8222222222222222,0.8248128809386726,0.7792207792207793,0.861244019138756,0.8181818181818182,0.8221343873517787,0.822415458937198,0.8982707617780779,0.8868145790266111,0.18639961594577373,190,51,29,180,0.21161825726141079,0.13875598086124402
LOG-REG_TF-IDF_20260620_215400,LOG-REG_TF-IDF,153,validation_positive_f1,1.4697234630584717,2674,50000,"[1, 1]",2,0.95,True,0.1,,0.46,450,209,241,0.46444444444444444,0.8222222222222222,0.8248128809386726,0.7792207792207793,0.861244019138756,0.8181818181818182,0.8221343873517787,0.822415458937198,0.8982707617780779,0.8868145790266111,0.18639961594577373,190,51,29,180,0.21161825726141079,0.13875598086124402
LOG-REG_TF-IDF_20260620_215400,LOG-REG_TF-IDF,17,validation_positive_f1,1.4649226665496826,1044,10000,"[1, 1]",5,0.95,True,0.1,,0.46,450,209,241,0.46444444444444444,0.8222222222222222,0.8248128809386726,0.7792207792207793,0.861244019138756,0.8181818181818182,0.8221343873517787,0.822415458937198,0.8989060731799322,0.8856953894176597,0.18164017346663794,190,51,29,180,0.21161825726141079,0.13875598086124402
LOG-REG_TF-IDF_20260620_215400,LOG-REG_TF-IDF,89,validation_positive_f1,1.4364650249481201,1044,20000,"[1, 1]",5,0.95,True,0.1,,0.46,450,209,241,0.46444444444444444,0.8222222222222222,0.8248128809386726,0.7792207792207793,0.861244019138756,0.8181818181818182,0.8221343873517787,0.822415458937198,0.8989060731799322,0.8856953894176597,0.18164017346663794,190,51,29,180,0.21161825726141079,0.13875598086124402
LOG-REG_TF-IDF_20260620_215400,LOG-REG_TF-IDF,161,validation_positive_f1,1.491133213043213,1044,50000,"[1, 1]",5,0.95,True,0.1,,0.46,450,209,241,0.46444444444444444,0.8222222222222222,0.8248128809386726,0.7792207792207793,0.861244019138756,0.8181818181818182,0.8221343873517787,0.822415458937198,0.8989060731799322,0.8856953894176597,0.18164017346663794,190,51,29,180,0.21161825726141079,0.13875598086124402
LOG-REG_TF-IDF_20260620_215400,LOG-REG_TF-IDF,18,validation_positive_f1,1.5193703174591064,1044,10000,"[1, 1]",5,0.95,True,0.1,balanced,0.49,450,209,241,0.46444444444444444,0.8222222222222222,0.8248128809386726,0.7792207792207793,0.861244019138756,0.8181818181818182,0.8221343873517787,0.822415458937198,0.8988465127360082,0.885516103669279,0.1826573540681288,190,51,29,180,0.21161825726141079,0.13875598086124402
LOG-REG_TF-IDF_20260620_215400,LOG-REG_TF-IDF,90,validation_positive_f1,1.4331121444702148,1044,20000,"[1, 1]",5,0.95,True,0.1,balanced,0.49,450,209,241,0.46444444444444444,0.8222222222222222,0.8248128809386726,0.7792207792207793,0.861244019138756,0.8181818181818182,0.8221343873517787,0.822415458937198,0.8988465127360082,0.885516103669279,0.1826573540681288,190,51,29,180,0.21161825726141079,0.13875598086124402
LOG-REG_TF-IDF_20260620_215400,LOG-REG_TF-IDF,162,validation_positive_f1,1.4473381042480469,1044,50000,"[1, 1]",5,0.95,True,0.1,balanced,0.49,450,209,241,0.46444444444444444,0.8222222222222222,0.8248128809386726,0.7792207792207793,0.861244019138756,0.8181818181818182,0.8221343873517787,0.822415458937198,0.8988465127360082,0.885516103669279,0.1826573540681288,190,51,29,180,0.21161825726141079,0.13875598086124402
LOG-REG_TF-IDF_20260620_215400,LOG-REG_TF-IDF,22,validation_positive_f1,1.4827415943145752,1044,10000,"[1, 1]",5,0.95,True,3.0,balanced,0.4,450,209,241,0.46444444444444444,0.8133333333333334,0.819373027060295,0.7470355731225297,0.9043062200956937,0.8181818181818182,0.813200498132005,0.8128462709284627,0.8992634358434751,0.8844040507715699,0.1294546408128997,177,64,20,189,0.26556016597510373,0.09569377990430622
LOG-REG_TF-IDF_20260620_215400,LOG-REG_TF-IDF,94,validation_positive_f1,1.4801123142242432,1044,20000,"[1, 1]",5,0.95,True,3.0,balanced,0.4,450,209,241,0.46444444444444444,0.8133333333333334,0.819373027060295,0.7470355731225297,0.9043062200956937,0.8181818181818182,0.813200498132005,0.8128462709284627,0.8992634358434751,0.8844040507715699,0.1294546408128997,177,64,20,189,0.26556016597510373,0.09569377990430622
LOG-REG_TF-IDF_20260620_215400,LOG-REG_TF-IDF,166,validation_positive_f1,1.4349870681762695,1044,50000,"[1, 1]",5,0.95,True,3.0,balanced,0.4,450,209,241,0.46444444444444444,0.8133333333333334,0.819373027060295,0.7470355731225297,0.9043062200956937,0.8181818181818182,0.813200498132005,0.8128462709284627,0.8992634358434751,0.8844040507715699,0.1294546408128997,177,64,20,189,0.26556016597510373,0.09569377990430622
LOG-REG_TF-IDF_20260620_215400,LOG-REG_TF-IDF,58,validation_positive_f1,1.734253168106079,10000,10000,"[1, 3]",2,0.95,True,0.1,balanced,0.49,450,209,241,0.46444444444444444,0.8244444444444444,0.8259346026325716,0.7901785714285714,0.84688995215311,0.8175519630484989,0.8241935404107591,0.82466583035652,0.900057575095793,0.8909604717703596,0.19846955464506302,194,47,32,177,0.1950207468879668,0.15311004784688995
LOG-REG_TF-IDF_20260620_215400,LOG-REG_TF-IDF,130,validation_positive_f1,1.8079187870025635,10365,20000,"[1, 3]",2,0.95,True,0.1,balanced,0.49,450,209,241,0.46444444444444444,0.8244444444444444,0.8259346026325716,0.7901785714285714,0.84688995215311,0.8175519630484989,0.8241935404107591,0.82466583035652,0.8995215311004784,0.8907176832544105,0.19871324366193277,194,47,32,177,0.1950207468879668,0.15311004784688995
LOG-REG_TF-IDF_20260620_215400,LOG-REG_TF-IDF,202,validation_positive_f1,1.715027093887329,10365,50000,"[1, 3]",2,0.95,True,0.1,balanced,0.49,450,209,241,0.46444444444444444,0.8244444444444444,0.8259346026325716,0.7901785714285714,0.84688995215311,0.8175519630484989,0.8241935404107591,0.82466583035652,0.8995215311004784,0.8907176832544105,0.19871324366193277,194,47,32,177,0.1950207468879668,0.15311004784688995
LOG-REG_TF-IDF_20260620_215400,LOG-REG_TF-IDF,33,validation_positive_f1,1.5637989044189453,7420,10000,"[1, 2]",2,0.95,True,0.1,,0.46,450,209,241,0.46444444444444444,0.8244444444444444,0.8259346026325716,0.7901785714285714,0.84688995215311,0.8175519630484989,0.8241935404107591,0.82466583035652,0.8998987472453295,0.8900576306184772,0.19552073767985437,194,47,32,177,0.1950207468879668,0.15311004784688995
LOG-REG_TF-IDF_20260620_215400,LOG-REG_TF-IDF,105,validation_positive_f1,1.5395536422729492,7420,20000,"[1, 2]",2,0.95,True,0.1,,0.46,450,209,241,0.46444444444444444,0.8244444444444444,0.8259346026325716,0.7901785714285714,0.84688995215311,0.8175519630484989,0.8241935404107591,0.82466583035652,0.8998987472453295,0.8900576306184772,0.19552073767985437,194,47,32,177,0.1950207468879668,0.15311004784688995
LOG-REG_TF-IDF_20260620_215400,LOG-REG_TF-IDF,177,validation_positive_f1,1.5116324424743652,7420,50000,"[1, 2]",2,0.95,True,0.1,,0.46,450,209,241,0.46444444444444444,0.8244444444444444,0.8259346026325716,0.7901785714285714,0.84688995215311,0.8175519630484989,0.8241935404107591,0.82466583035652,0.8998987472453295,0.8900576306184772,0.19552073767985437,194,47,32,177,0.1950207468879668,0.15311004784688995
LOG-REG_TF-IDF_20260620_215400,LOG-REG_TF-IDF,26,validation_positive_f1,1.5877964496612549,10000,10000,"[1, 2]",1,0.95,True,0.1,balanced,0.49,450,209,241,0.46444444444444444,0.8244444444444444,0.8259346026325716,0.7901785714285714,0.84688995215311,0.8175519630484989,0.8241935404107591,0.82466583035652,0.8994024102126307,0.8898700231683029,0.19757657295042966,194,47,32,177,0.1950207468879668,0.15311004784688995
LOG-REG_TF-IDF_20260620_215400,LOG-REG_TF-IDF,56,validation_positive_f1,1.7789194583892822,10000,10000,"[1, 3]",1,0.95,True,10.0,balanced,0.4,450,209,241,0.46444444444444444,0.8177777777777778,0.821616470448093,0.7656903765690377,0.8755980861244019,0.8169642857142857,0.8177741782553729,0.8178317706138503,0.9010105421985745,0.891054704282777,0.1284187034262605,185,56,26,183,0.23236514522821577,0.12440191387559808
LOG-REG_TF-IDF_20260620_215400,LOG-REG_TF-IDF,55,validation_positive_f1,1.8199007511138916,10000,10000,"[1, 3]",1,0.95,True,10.0,,0.38,450,209,241,0.46444444444444444,0.8177777777777778,0.821616470448093,0.7656903765690377,0.8755980861244019,0.8169642857142857,0.8177741782553729,0.8178317706138503,0.9009509817546506,0.8910120869307996,0.12854010379175373,185,56,26,183,0.23236514522821577,0.12440191387559808
LOG-REG_TF-IDF_20260620_215400,LOG-REG_TF-IDF,69,validation_positive_f1,1.6393911838531494,2281,10000,"[1, 3]",5,0.95,True,3.0,,0.39,450,209,241,0.46444444444444444,0.8155555555555556,0.8201770930532668,0.7581967213114754,0.8851674641148325,0.8167770419426048,0.8155473576603405,0.8154599134447128,0.8988266592547003,0.8835490625219768,0.13006820778603104,182,59,24,185,0.24481327800829875,0.11483253588516747
LOG-REG_TF-IDF_20260620_215400,LOG-REG_TF-IDF,141,validation_positive_f1,1.715092658996582,2281,20000,"[1, 3]",5,0.95,True,3.0,,0.39,450,209,241,0.46444444444444444,0.8155555555555556,0.8201770930532668,0.7581967213114754,0.8851674641148325,0.8167770419426048,0.8155473576603405,0.8154599134447128,0.8988266592547003,0.8835490625219768,0.13006820778603104,182,59,24,185,0.24481327800829875,0.11483253588516747
LOG-REG_TF-IDF_20260620_215400,LOG-REG_TF-IDF,213,validation_positive_f1,1.6722896099090576,2281,50000,"[1, 3]",5,0.95,True,3.0,,0.39,450,209,241,0.46444444444444444,0.8155555555555556,0.8201770930532668,0.7581967213114754,0.8851674641148325,0.8167770419426048,0.8155473576603405,0.8154599134447128,0.8988266592547003,0.8835490625219768,0.13006820778603104,182,59,24,185,0.24481327800829875,0.11483253588516747
LOG-REG_TF-IDF_20260620_215400,LOG-REG_TF-IDF,57,validation_positive_f1,1.7531063556671143,10000,10000,"[1, 3]",2,0.95,True,0.1,,0.46,450,209,241,0.46444444444444444,0.8244444444444444,0.8256169469316444,0.7927927927927928,0.8421052631578947,0.8167053364269141,0.8241309198126041,0.8246589612978088,0.8999980146518692,0.8908878177518724,0.19727976058700256,195,46,33,176,0.1908713692946058,0.15789473684210525
LOG-REG_TF-IDF_20260620_215400,LOG-REG_TF-IDF,21,validation_positive_f1,1.4763755798339844,1044,10000,"[1, 1]",5,0.95,True,3.0,,0.37,450,209,241,0.46444444444444444,0.8111111111111111,0.8172983382636145,0.7440944881889764,0.9043062200956937,0.816414686825054,0.810953338835868,0.8105649763121925,0.8986876848855447,0.8837587006896183,0.12945887385884522,176,65,20,189,0.2697095435684647,0.09569377990430622
LOG-REG_TF-IDF_20260620_215400,LOG-REG_TF-IDF,93,validation_positive_f1,1.5186543464660645,1044,20000,"[1, 1]",5,0.95,True,3.0,,0.37,450,209,241,0.46444444444444444,0.8111111111111111,0.8172983382636145,0.7440944881889764,0.9043062200956937,0.816414686825054,0.810953338835868,0.8105649763121925,0.8986876848855447,0.8837587006896183,0.12945887385884522,176,65,20,189,0.2697095435684647,0.09569377990430622
LOG-REG_TF-IDF_20260620_215400,LOG-REG_TF-IDF,165,validation_positive_f1,1.4344103336334229,1044,50000,"[1, 1]",5,0.95,True,3.0,,0.37,450,209,241,0.46444444444444444,0.8111111111111111,0.8172983382636145,0.7440944881889764,0.9043062200956937,0.816414686825054,0.810953338835868,0.8105649763121925,0.8986876848855447,0.8837587006896183,0.12945887385884522,176,65,20,189,0.2697095435684647,0.09569377990430622
LOG-REG_TF-IDF_20260620_215400,LOG-REG_TF-IDF,136,validation_positive_f1,1.8084535598754883,10365,20000,"[1, 3]",2,0.95,True,10.0,balanced,0.41000000000000003,450,209,241,0.46444444444444444,0.82,0.8227381921419921,0.7758620689655172,0.861244019138756,0.8163265306122449,0.8199279711884754,0.8201840736294518,0.9024995532966706,0.8931591876647064,0.12673169044857904,189,52,29,180,0.2157676348547718,0.13875598086124402
LOG-REG_TF-IDF_20260620_215400,LOG-REG_TF-IDF,208,validation_positive_f1,1.749690055847168,10365,50000,"[1, 3]",2,0.95,True,10.0,balanced,0.41000000000000003,450,209,241,0.46444444444444444,0.82,0.8227381921419921,0.7758620689655172,0.861244019138756,0.8163265306122449,0.8199279711884754,0.8201840736294518,0.9024995532966706,0.8931591876647064,0.12673169044857904,189,52,29,180,0.2157676348547718,0.13875598086124402
LOG-REG_TF-IDF_20260620_215400,LOG-REG_TF-IDF,135,validation_positive_f1,1.7498865127563477,10365,20000,"[1, 3]",2,0.95,True,10.0,,0.39,450,209,241,0.46444444444444444,0.82,0.8227381921419921,0.7758620689655172,0.861244019138756,0.8163265306122449,0.8199279711884754,0.8201840736294518,0.9022414580396673,0.8928241563073311,0.12689804049901562,189,52,29,180,0.2157676348547718,0.13875598086124402
LOG-REG_TF-IDF_20260620_215400,LOG-REG_TF-IDF,207,validation_positive_f1,1.7579052448272705,10365,50000,"[1, 3]",2,0.95,True,10.0,,0.39,450,209,241,0.46444444444444444,0.82,0.8227381921419921,0.7758620689655172,0.861244019138756,0.8163265306122449,0.8199279711884754,0.8201840736294518,0.9022414580396673,0.8928241563073311,0.12689804049901562,189,52,29,180,0.2157676348547718,0.13875598086124402
LOG-REG_TF-IDF_20260620_215400,LOG-REG_TF-IDF,50,validation_positive_f1,1.7746005058288574,10000,10000,"[1, 3]",1,0.95,True,0.1,balanced,0.49,450,209,241,0.46444444444444444,0.8222222222222222,0.8238599138358911,0.7866666666666666,0.84688995215311,0.815668202764977,0.8219971915112438,0.8224472529332006,0.8998193333200977,0.8905256144320183,0.1983319547621592,193,48,32,177,0.1991701244813278,0.15311004784688995
LOG-REG_TF-IDF_20260620_215400,LOG-REG_TF-IDF,49,validation_positive_f1,1.7949275970458984,10000,10000,"[1, 3]",1,0.95,True,0.1,,0.46,450,209,241,0.46444444444444444,0.8222222222222222,0.8238599138358911,0.7866666666666666,0.84688995215311,0.815668202764977,0.8219971915112438,0.8224472529332006,0.899660505469634,0.8905213827043147,0.19713344444534067,193,48,32,177,0.1991701244813278,0.15311004784688995
LOG-REG_TF-IDF_20260620_215400,LOG-REG_TF-IDF,34,validation_positive_f1,1.548063039779663,7420,10000,"[1, 2]",2,0.95,True,0.1,balanced,0.49,450,209,241,0.46444444444444444,0.8222222222222222,0.8238599138358911,0.7866666666666666,0.84688995215311,0.815668202764977,0.8219971915112438,0.8224472529332006,0.900117135539717,0.8900659980501461,0.1966812334752146,193,48,32,177,0.1991701244813278,0.15311004784688995
LOG-REG_TF-IDF_20260620_215400,LOG-REG_TF-IDF,106,validation_positive_f1,1.5885050296783447,7420,20000,"[1, 2]",2,0.95,True,0.1,balanced,0.49,450,209,241,0.46444444444444444,0.8222222222222222,0.8238599138358911,0.7866666666666666,0.84688995215311,0.815668202764977,0.8219971915112438,0.8224472529332006,0.900117135539717,0.8900659980501461,0.1966812334752146,193,48,32,177,0.1991701244813278,0.15311004784688995
LOG-REG_TF-IDF_20260620_215400,LOG-REG_TF-IDF,178,validation_positive_f1,1.5355925559997559,7420,50000,"[1, 2]",2,0.95,True,0.1,balanced,0.49,450,209,241,0.46444444444444444,0.8222222222222222,0.8238599138358911,0.7866666666666666,0.84688995215311,0.815668202764977,0.8219971915112438,0.8224472529332006,0.900117135539717,0.8900659980501461,0.1966812334752146,193,48,32,177,0.1991701244813278,0.15311004784688995
LOG-REG_TF-IDF_20260620_215400,LOG-REG_TF-IDF,64,validation_positive_f1,1.7307155132293701,10000,10000,"[1, 3]",2,0.95,True,10.0,balanced,0.39,450,209,241,0.46444444444444444,0.8155555555555556,0.8195417816514126,0.7625,0.8755980861244019,0.8151447661469933,0.8155546447142948,0.8155837916346361,0.903075304254601,0.8934529516054205,0.12645738095785866,184,57,26,183,0.23651452282157676,0.12440191387559808
LOG-REG_TF-IDF_20260620_215400,LOG-REG_TF-IDF,63,validation_positive_f1,1.759394884109497,10000,10000,"[1, 3]",2,0.95,True,10.0,,0.37,450,209,241,0.46444444444444444,0.8155555555555556,0.8195417816514126,0.7625,0.8755980861244019,0.8151447661469933,0.8155546447142948,0.8155837916346361,0.902737795072366,0.8931433326903636,0.1266004721278077,184,57,26,183,0.23651452282157676,0.12440191387559808
LOG-REG_TF-IDF_20260620_215400,LOG-REG_TF-IDF,70,validation_positive_f1,1.6348059177398682,2281,10000,"[1, 3]",5,0.95,True,3.0,balanced,0.49,450,209,241,0.46444444444444444,0.8244444444444444,0.8249816355297901,0.7981651376146789,0.8325358851674641,0.8149882903981265,0.8239846314569914,0.8246243712656218,0.8992237288808592,0.8840744844933024,0.12979429298567058,197,44,35,174,0.1825726141078838,0.1674641148325359
LOG-REG_TF-IDF_20260620_215400,LOG-REG_TF-IDF,142,validation_positive_f1,1.733781337738037,2281,20000,"[1, 3]",5,0.95,True,3.0,balanced,0.49,450,209,241,0.46444444444444444,0.8244444444444444,0.8249816355297901,0.7981651376146789,0.8325358851674641,0.8149882903981265,0.8239846314569914,0.8246243712656218,0.8992237288808592,0.8840744844933024,0.12979429298567058,197,44,35,174,0.1825726141078838,0.1674641148325359
LOG-REG_TF-IDF_20260620_215400,LOG-REG_TF-IDF,214,validation_positive_f1,1.6964492797851562,2281,50000,"[1, 3]",5,0.95,True,3.0,balanced,0.49,450,209,241,0.46444444444444444,0.8244444444444444,0.8249816355297901,0.7981651376146789,0.8325358851674641,0.8149882903981265,0.8239846314569914,0.8246243712656218,0.8992237288808592,0.8840744844933024,0.12979429298567058,197,44,35,174,0.1825726141078838,0.1674641148325359
LOG-REG_TF-IDF_20260620_215400,LOG-REG_TF-IDF,45,validation_positive_f1,1.566143274307251,1975,10000,"[1, 2]",5,0.95,True,3.0,,0.39,450,209,241,0.46444444444444444,0.8133333333333334,0.8181024042565863,0.7551020408163265,0.8851674641148325,0.8149779735682819,0.813318583196697,0.8132005821036066,0.8987869522920845,0.8840501842777679,0.12973390197517887,181,60,24,185,0.24896265560165975,0.11483253588516747
LOG-REG_TF-IDF_20260620_215400,LOG-REG_TF-IDF,117,validation_positive_f1,1.5752623081207275,1975,20000,"[1, 2]",5,0.95,True,3.0,,0.39,450,209,241,0.46444444444444444,0.8133333333333334,0.8181024042565863,0.7551020408163265,0.8851674641148325,0.8149779735682819,0.813318583196697,0.8132005821036066,0.8987869522920845,0.8840501842777679,0.12973390197517887,181,60,24,185,0.24896265560165975,0.11483253588516747
LOG-REG_TF-IDF_20260620_215400,LOG-REG_TF-IDF,189,validation_positive_f1,1.5516705513000488,1975,50000,"[1, 2]",5,0.95,True,3.0,,0.39,450,209,241,0.46444444444444444,0.8133333333333334,0.8181024042565863,0.7551020408163265,0.8851674641148325,0.8149779735682819,0.813318583196697,0.8132005821036066,0.8987869522920845,0.8840501842777679,0.12973390197517887,181,60,24,185,0.24896265560165975,0.11483253588516747
LOG-REG_TF-IDF_20260620_215400,LOG-REG_TF-IDF,25,validation_positive_f1,1.6276700496673584,10000,10000,"[1, 2]",1,0.95,True,0.1,,0.46,450,209,241,0.46444444444444444,0.8222222222222222,0.823542258134964,0.7892376681614349,0.8421052631578947,0.8148148148148148,0.8219373219373219,0.8224438113327003,0.899382556731323,0.8899692941065935,0.19640799198362976,194,47,33,176,0.1950207468879668,0.15789473684210525
LOG-REG_TF-IDF_20260620_215400,LOG-REG_TF-IDF,16,validation_positive_f1,1.4715373516082764,2674,10000,"[1, 1]",2,0.95,True,10.0,balanced,0.47000000000000003,450,209,241,0.46444444444444444,0.82,0.8221028807401378,0.7807017543859649,0.8516746411483254,0.8146453089244852,0.8198496523024154,0.8202197389426238,0.9017848279695844,0.8903303171321912,0.1284203320757542,191,50,31,178,0.2074688796680498,0.14832535885167464
LOG-REG_TF-IDF_20260620_215400,LOG-REG_TF-IDF,88,validation_positive_f1,1.4625115394592285,2674,20000,"[1, 1]",2,0.95,True,10.0,balanced,0.47000000000000003,450,209,241,0.46444444444444444,0.82,0.8221028807401378,0.7807017543859649,0.8516746411483254,0.8146453089244852,0.8198496523024154,0.8202197389426238,0.9017848279695844,0.8903303171321912,0.1284203320757542,191,50,31,178,0.2074688796680498,0.14832535885167464
LOG-REG_TF-IDF_20260620_215400,LOG-REG_TF-IDF,160,validation_positive_f1,1.4785645008087158,2674,50000,"[1, 1]",2,0.95,True,10.0,balanced,0.47000000000000003,450,209,241,0.46444444444444444,0.82,0.8221028807401378,0.7807017543859649,0.8516746411483254,0.8146453089244852,0.8198496523024154,0.8202197389426238,0.9017848279695844,0.8903303171321912,0.1284203320757542,191,50,31,178,0.2074688796680498,0.14832535885167464
LOG-REG_TF-IDF_20260620_215400,LOG-REG_TF-IDF,15,validation_positive_f1,1.4854743480682373,2674,10000,"[1, 1]",2,0.95,True,10.0,,0.41000000000000003,450,209,241,0.46444444444444444,0.8155555555555556,0.8189064702495583,0.7669491525423728,0.8660287081339713,0.8134831460674158,0.8155327818249167,0.8156785337010056,0.9013083444181936,0.8900497117649148,0.12831020505691618,186,55,28,181,0.22821576763485477,0.1339712918660287
LOG-REG_TF-IDF_20260620_215400,LOG-REG_TF-IDF,87,validation_positive_f1,1.423435926437378,2674,20000,"[1, 1]",2,0.95,True,10.0,,0.41000000000000003,450,209,241,0.46444444444444444,0.8155555555555556,0.8189064702495583,0.7669491525423728,0.8660287081339713,0.8134831460674158,0.8155327818249167,0.8156785337010056,0.9013083444181936,0.8900497117649148,0.12831020505691618,186,55,28,181,0.22821576763485477,0.1339712918660287
LOG-REG_TF-IDF_20260620_215400,LOG-REG_TF-IDF,159,validation_positive_f1,1.4907994270324707,2674,50000,"[1, 1]",2,0.95,True,10.0,,0.41000000000000003,450,209,241,0.46444444444444444,0.8155555555555556,0.8189064702495583,0.7669491525423728,0.8660287081339713,0.8134831460674158,0.8155327818249167,0.8156785337010056,0.9013083444181936,0.8900497117649148,0.12831020505691618,186,55,28,181,0.22821576763485477,0.1339712918660287
LOG-REG_TF-IDF_20260620_215400,LOG-REG_TF-IDF,46,validation_positive_f1,1.5529513359069824,1975,10000,"[1, 2]",5,0.95,True,3.0,balanced,0.41000000000000003,450,209,241,0.46444444444444444,0.8111111111111111,0.8160277154599058,0.7520325203252033,0.8851674641148325,0.8131868131868132,0.8110877886158785,0.8109385246463898,0.8991244614743195,0.8843673183367914,0.1295118295130426,180,61,24,185,0.25311203319502074,0.11483253588516747
LOG-REG_TF-IDF_20260620_215400,LOG-REG_TF-IDF,118,validation_positive_f1,1.5779845714569092,1975,20000,"[1, 2]",5,0.95,True,3.0,balanced,0.41000000000000003,450,209,241,0.46444444444444444,0.8111111111111111,0.8160277154599058,0.7520325203252033,0.8851674641148325,0.8131868131868132,0.8110877886158785,0.8109385246463898,0.8991244614743195,0.8843673183367914,0.1295118295130426,180,61,24,185,0.25311203319502074,0.11483253588516747
LOG-REG_TF-IDF_20260620_215400,LOG-REG_TF-IDF,190,validation_positive_f1,1.5481235980987549,1975,50000,"[1, 2]",5,0.95,True,3.0,balanced,0.41000000000000003,450,209,241,0.46444444444444444,0.8111111111111111,0.8160277154599058,0.7520325203252033,0.8851674641148325,0.8131868131868132,0.8110877886158785,0.8109385246463898,0.8991244614743195,0.8843673183367914,0.1295118295130426,180,61,24,185,0.25311203319502074,0.11483253588516747
LOG-REG_TF-IDF_20260620_215400,LOG-REG_TF-IDF,121,validation_positive_f1,1.7587344646453857,20000,20000,"[1, 3]",1,0.95,True,0.1,,0.46,450,209,241,0.46444444444444444,0.8222222222222222,0.8225892910321825,0.7972350230414746,0.8277511961722488,0.812206572769953,0.821715100730968,0.822391262719307,0.8981317874089221,0.8895752474287743,0.19990628072610656,197,44,36,173,0.1825726141078838,0.1722488038277512
LOG-REG_TF-IDF_20260620_215400,LOG-REG_TF-IDF,2,validation_positive_f1,1.480388879776001,6297,10000,"[1, 1]",1,0.95,True,0.1,balanced,0.49,450,209,241,0.46444444444444444,0.8133333333333334,0.8155611586491691,0.7729257641921398,0.84688995215311,0.8082191780821918,0.813200498132005,0.8135547253355473,0.8979729595584586,0.8876109950453321,0.1906446622234579,189,52,32,177,0.2157676348547718,0.15311004784688995
LOG-REG_TF-IDF_20260620_215400,LOG-REG_TF-IDF,74,validation_positive_f1,1.4252595901489258,6297,20000,"[1, 1]",1,0.95,True,0.1,balanced,0.49,450,209,241,0.46444444444444444,0.8133333333333334,0.8155611586491691,0.7729257641921398,0.84688995215311,0.8082191780821918,0.813200498132005,0.8135547253355473,0.8979729595584586,0.8876109950453321,0.1906446622234579,189,52,32,177,0.2157676348547718,0.15311004784688995
LOG-REG_TF-IDF_20260620_215400,LOG-REG_TF-IDF,146,validation_positive_f1,1.472186803817749,6297,50000,"[1, 1]",1,0.95,True,0.1,balanced,0.49,450,209,241,0.46444444444444444,0.8133333333333334,0.8155611586491691,0.7729257641921398,0.84688995215311,0.8082191780821918,0.813200498132005,0.8135547253355473,0.8979729595584586,0.8876109950453321,0.1906446622234579,189,52,32,177,0.2157676348547718,0.15311004784688995
LOG-REG_TF-IDF_20260620_215400,LOG-REG_TF-IDF,169,validation_positive_f1,1.5790495872497559,31956,50000,"[1, 2]",1,0.95,True,0.1,,0.45,450,209,241,0.46444444444444444,0.8066666666666666,0.8106077150628362,0.7541666666666667,0.8660287081339713,0.8062360801781737,0.8066657119294416,0.8066962635206429,0.8983303222220017,0.8904144529145863,0.20233457093291335,182,59,28,181,0.24481327800829875,0.1339712918660287
LOG-REG_TF-IDF_20260620_215400,LOG-REG_TF-IDF,97,validation_positive_f1,1.6373698711395264,20000,20000,"[1, 2]",1,0.95,True,0.1,,0.46,450,209,241,0.46444444444444444,0.8177777777777778,0.81748694633604,0.7981220657276995,0.8133971291866029,0.8056872037914692,0.8170695433183288,0.8178789541291278,0.8984692965911574,0.8899859458101951,0.1994879408663558,198,43,39,170,0.17842323651452283,0.18660287081339713
LOG-REG_TF-IDF_20260620_215400,LOG-REG_TF-IDF,1,validation_positive_f1,1.605914831161499,6297,10000,"[1, 1]",1,0.95,True,0.1,,0.46,450,209,241,0.46444444444444444,0.8111111111111111,0.8131688141515614,0.7719298245614035,0.8421052631578947,0.8054919908466819,0.810953338835868,0.8113417013595434,0.8977942782266869,0.8874665620673876,0.18953068069142828,189,52,33,176,0.2157676348547718,0.15789473684210525
LOG-REG_TF-IDF_20260620_215400,LOG-REG_TF-IDF,73,validation_positive_f1,1.485196590423584,6297,20000,"[1, 1]",1,0.95,True,0.1,,0.46,450,209,241,0.46444444444444444,0.8111111111111111,0.8131688141515614,0.7719298245614035,0.8421052631578947,0.8054919908466819,0.810953338835868,0.8113417013595434,0.8977942782266869,0.8874665620673876,0.18953068069142828,189,52,33,176,0.2157676348547718,0.15789473684210525
LOG-REG_TF-IDF_20260620_215400,LOG-REG_TF-IDF,145,validation_positive_f1,1.4670312404632568,6297,50000,"[1, 1]",1,0.95,True,0.1,,0.46,450,209,241,0.46444444444444444,0.8111111111111111,0.8131688141515614,0.7719298245614035,0.8421052631578947,0.8054919908466819,0.810953338835868,0.8113417013595434,0.8977942782266869,0.8874665620673876,0.18953068069142828,189,52,33,176,0.2157676348547718,0.15789473684210525
LOG-REG_TF-IDF_20260620_215400,LOG-REG_TF-IDF,193,validation_positive_f1,1.7503221035003662,50000,50000,"[1, 3]",1,0.95,True,0.1,,0.45,450,209,241,0.46444444444444444,0.8066666666666666,0.8102900593619091,0.7563025210084033,0.861244019138756,0.8053691275167785,0.806658073692164,0.8067497320868582,0.8972582342313724,0.8900520950440651,0.20527864919029742,183,58,29,180,0.24066390041493776,0.13875598086124402
LOG-REG_TF-IDF_20260620_215400,LOG-REG_TF-IDF,194,validation_positive_f1,1.7995538711547852,50000,50000,"[1, 3]",1,0.95,True,0.1,balanced,0.48000000000000004,450,209,241,0.46444444444444444,0.8044444444444444,0.8088506819670829,0.7489711934156379,0.8708133971291866,0.8053097345132744,0.8044405815423514,0.8043787751088636,0.897417062081836,0.8901278488896567,0.20651396058630583,180,61,27,182,0.25311203319502074,0.1291866028708134
LOG-REG_TF-IDF_20260620_215400,LOG-REG_TF-IDF,98,validation_positive_f1,1.6368329524993896,20000,20000,"[1, 2]",1,0.95,True,0.1,balanced,0.49,450,209,241,0.46444444444444444,0.8155555555555556,0.8157299132402867,0.7916666666666666,0.8181818181818182,0.8047058823529412,0.814984520123839,0.8157154454764363,0.8986082709603129,0.8902546567429365,0.20067877313296026,196,45,38,171,0.18672199170124482,0.18181818181818182
LOG-REG_TF-IDF_20260620_215400,LOG-REG_TF-IDF,170,validation_positive_f1,1.5663573741912842,31956,50000,"[1, 2]",1,0.95,True,0.1,balanced,0.48000000000000004,450,209,241,0.46444444444444444,0.8044444444444444,0.8085330262661558,0.7510373443983402,0.8660287081339713,0.8044444444444444,0.8044444444444444,0.8044444444444444,0.8986082709603129,0.890506753312031,0.2035483910306146,181,60,28,181,0.24896265560165975,0.1339712918660287
LOG-REG_TF-IDF_20260620_215400,LOG-REG_TF-IDF,24,validation_positive_f1,1.5292611122131348,1044,10000,"[1, 1]",5,0.95,True,10.0,balanced,0.26,450,209,241,0.46444444444444444,0.7844444444444445,0.7936726955071571,0.7043795620437956,0.9234449760765551,0.7991718426501035,0.7832789668886009,0.7821488068344497,0.8855248267783756,0.8711776522507291,0.14244963806567468,160,81,16,193,0.3360995850622407,0.07655502392344497
LOG-REG_TF-IDF_20260620_215400,LOG-REG_TF-IDF,96,validation_positive_f1,1.4853465557098389,1044,20000,"[1, 1]",5,0.95,True,10.0,balanced,0.26,450,209,241,0.46444444444444444,0.7844444444444445,0.7936726955071571,0.7043795620437956,0.9234449760765551,0.7991718426501035,0.7832789668886009,0.7821488068344497,0.8855248267783756,0.8711776522507291,0.14244963806567468,160,81,16,193,0.3360995850622407,0.07655502392344497
LOG-REG_TF-IDF_20260620_215400,LOG-REG_TF-IDF,168,validation_positive_f1,1.4765563011169434,1044,50000,"[1, 1]",5,0.95,True,10.0,balanced,0.26,450,209,241,0.46444444444444444,0.7844444444444445,0.7936726955071571,0.7043795620437956,0.9234449760765551,0.7991718426501035,0.7832789668886009,0.7821488068344497,0.8855248267783756,0.8711776522507291,0.14244963806567468,160,81,16,193,0.3360995850622407,0.07655502392344497
LOG-REG_TF-IDF_20260620_215400,LOG-REG_TF-IDF,71,validation_positive_f1,1.6429810523986816,2281,10000,"[1, 3]",5,0.95,True,10.0,,0.24000000000000002,450,209,241,0.46444444444444444,0.7844444444444445,0.7936726955071571,0.7043795620437956,0.9234449760765551,0.7991718426501035,0.7832789668886009,0.7821488068344497,0.8852667315213723,0.8708692461180421,0.14087667779417434,160,81,16,193,0.3360995850622407,0.07655502392344497
LOG-REG_TF-IDF_20260620_215400,LOG-REG_TF-IDF,143,validation_positive_f1,1.690882921218872,2281,20000,"[1, 3]",5,0.95,True,10.0,,0.24000000000000002,450,209,241,0.46444444444444444,0.7844444444444445,0.7936726955071571,0.7043795620437956,0.9234449760765551,0.7991718426501035,0.7832789668886009,0.7821488068344497,0.8852667315213723,0.8708692461180421,0.14087667779417434,160,81,16,193,0.3360995850622407,0.07655502392344497
LOG-REG_TF-IDF_20260620_215400,LOG-REG_TF-IDF,215,validation_positive_f1,1.6702957153320312,2281,50000,"[1, 3]",5,0.95,True,10.0,,0.24000000000000002,450,209,241,0.46444444444444444,0.7844444444444445,0.7936726955071571,0.7043795620437956,0.9234449760765551,0.7991718426501035,0.7832789668886009,0.7821488068344497,0.8852667315213723,0.8708692461180421,0.14087667779417434,160,81,16,193,0.3360995850622407,0.07655502392344497
LOG-REG_TF-IDF_20260620_215400,LOG-REG_TF-IDF,23,validation_positive_f1,1.468292236328125,1044,10000,"[1, 1]",5,0.95,True,10.0,,0.24000000000000002,450,209,241,0.46444444444444444,0.7844444444444445,0.7936726955071571,0.7043795620437956,0.9234449760765551,0.7991718426501035,0.7832789668886009,0.7821488068344497,0.8850483432269849,0.870776201640159,0.14260467384590167,160,81,16,193,0.3360995850622407,0.07655502392344497
LOG-REG_TF-IDF_20260620_215400,LOG-REG_TF-IDF,95,validation_positive_f1,1.4718072414398193,1044,20000,"[1, 1]",5,0.95,True,10.0,,0.24000000000000002,450,209,241,0.46444444444444444,0.7844444444444445,0.7936726955071571,0.7043795620437956,0.9234449760765551,0.7991718426501035,0.7832789668886009,0.7821488068344497,0.8850483432269849,0.870776201640159,0.14260467384590167,160,81,16,193,0.3360995850622407,0.07655502392344497
LOG-REG_TF-IDF_20260620_215400,LOG-REG_TF-IDF,167,validation_positive_f1,1.443711757659912,1044,50000,"[1, 1]",5,0.95,True,10.0,,0.24000000000000002,450,209,241,0.46444444444444444,0.7844444444444445,0.7936726955071571,0.7043795620437956,0.9234449760765551,0.7991718426501035,0.7832789668886009,0.7821488068344497,0.8850483432269849,0.870776201640159,0.14260467384590167,160,81,16,193,0.3360995850622407,0.07655502392344497
LOG-REG_TF-IDF_20260620_215400,LOG-REG_TF-IDF,72,validation_positive_f1,1.6691832542419434,2281,10000,"[1, 3]",5,0.95,True,10.0,balanced,0.25,450,209,241,0.46444444444444444,0.7822222222222223,0.7919156624114039,0.7003610108303249,0.9282296650717703,0.7983539094650206,0.780819466809805,0.7795725731098785,0.8853461454466041,0.8711426648418666,0.14043356315272423,158,83,15,194,0.34439834024896265,0.07177033492822966
LOG-REG_TF-IDF_20260620_215400,LOG-REG_TF-IDF,144,validation_positive_f1,1.6971931457519531,2281,20000,"[1, 3]",5,0.95,True,10.0,balanced,0.25,450,209,241,0.46444444444444444,0.7822222222222223,0.7919156624114039,0.7003610108303249,0.9282296650717703,0.7983539094650206,0.780819466809805,0.7795725731098785,0.8853461454466041,0.8711426648418666,0.14043356315272423,158,83,15,194,0.34439834024896265,0.07177033492822966
LOG-REG_TF-IDF_20260620_215400,LOG-REG_TF-IDF,216,validation_positive_f1,1.6946227550506592,2281,50000,"[1, 3]",5,0.95,True,10.0,balanced,0.25,450,209,241,0.46444444444444444,0.7822222222222223,0.7919156624114039,0.7003610108303249,0.9282296650717703,0.7983539094650206,0.780819466809805,0.7795725731098785,0.8853461454466041,0.8711426648418666,0.14043356315272423,158,83,15,194,0.34439834024896265,0.07177033492822966
LOG-REG_TF-IDF_20260620_215400,LOG-REG_TF-IDF,48,validation_positive_f1,1.5765891075134277,1975,10000,"[1, 2]",5,0.95,True,10.0,balanced,0.25,450,209,241,0.46444444444444444,0.7822222222222223,0.7915980067104766,0.7018181818181818,0.9234449760765551,0.7975206611570248,0.7809718690400509,0.779795066045066,0.88616013818023,0.8723487245650374,0.14028290350853323,159,82,16,193,0.34024896265560167,0.07655502392344497
LOG-REG_TF-IDF_20260620_215400,LOG-REG_TF-IDF,120,validation_positive_f1,1.5822606086730957,1975,20000,"[1, 2]",5,0.95,True,10.0,balanced,0.25,450,209,241,0.46444444444444444,0.7822222222222223,0.7915980067104766,0.7018181818181818,0.9234449760765551,0.7975206611570248,0.7809718690400509,0.779795066045066,0.88616013818023,0.8723487245650374,0.14028290350853323,159,82,16,193,0.34024896265560167,0.07655502392344497
LOG-REG_TF-IDF_20260620_215400,LOG-REG_TF-IDF,192,validation_positive_f1,1.5476322174072266,1975,50000,"[1, 2]",5,0.95,True,10.0,balanced,0.25,450,209,241,0.46444444444444444,0.7822222222222223,0.7915980067104766,0.7018181818181818,0.9234449760765551,0.7975206611570248,0.7809718690400509,0.779795066045066,0.88616013818023,0.8723487245650374,0.14028290350853323,159,82,16,193,0.34024896265560167,0.07655502392344497
LOG-REG_TF-IDF_20260620_215400,LOG-REG_TF-IDF,47,validation_positive_f1,1.5784249305725098,1975,10000,"[1, 2]",5,0.95,True,10.0,,0.23,450,209,241,0.46444444444444444,0.7777777777777778,0.7874486291171157,0.6967509025270758,0.9234449760765551,0.7942386831275721,0.7763463947038827,0.7750740541937537,0.8857829220353789,0.8718515181292527,0.14061100297106435,157,84,16,193,0.34854771784232363,0.07655502392344497
LOG-REG_TF-IDF_20260620_215400,LOG-REG_TF-IDF,119,validation_positive_f1,1.601839303970337,1975,20000,"[1, 2]",5,0.95,True,10.0,,0.23,450,209,241,0.46444444444444444,0.7777777777777778,0.7874486291171157,0.6967509025270758,0.9234449760765551,0.7942386831275721,0.7763463947038827,0.7750740541937537,0.8857829220353789,0.8718515181292527,0.14061100297106435,157,84,16,193,0.34854771784232363,0.07655502392344497
LOG-REG_TF-IDF_20260620_215400,LOG-REG_TF-IDF,191,validation_positive_f1,1.5516207218170166,1975,50000,"[1, 2]",5,0.95,True,10.0,,0.23,450,209,241,0.46444444444444444,0.7777777777777778,0.7874486291171157,0.6967509025270758,0.9234449760765551,0.7942386831275721,0.7763463947038827,0.7750740541937537,0.8857829220353789,0.8718515181292527,0.14061100297106435,157,84,16,193,0.34854771784232363,0.07655502392344497
